,x,y,id,location_code,location,gene,gene_ensembl_id,cell_line,Uniprot
237,3.8950574,-6.1519737,20730_221_H9_2,0 1 23 25,"Nucleoplasm,N. membrane,Mitochondria,Cytosol",TNRC18,ENSG00000182095,U-251 MG,O15417 A8MTZ4 C9J9K1 H7BXS9 H7C0N9 H7C177 H7C3U5 H9KVB4
271,5.4642124,-1.9549567,20730_248_H9_2,0 1 23 25,"Nucleoplasm,N. membrane,Mitochondria,Cytosol",TNRC18,ENSG00000182095,U-2 OS,O15417 A8MTZ4 C9J9K1 H7BXS9 H7C0N9 H7C177 H7C3U5 H9KVB4
272,5.21161,-1.849837,20730_248_H9_1,0 1 23 25,"Nucleoplasm,N. membrane,Mitochondria,Cytosol",TNRC18,ENSG00000182095,U-2 OS,O15417 A8MTZ4 C9J9K1 H7BXS9 H7C0N9 H7C177 H7C3U5 H9KVB4
283,5.7081637,-2.1171446,20730_221_H9_1,0 1 23 25,"Nucleoplasm,N. membrane,Mitochondria,Cytosol",TNRC18,ENSG00000182095,U-251 MG,O15417 A8MTZ4 C9J9K1 H7BXS9 H7C0N9 H7C177 H7C3U5 H9KVB4
2368,-0.5412219,3.4071617,56486_913_D10_3,0 21 25,"Nucleoplasm,PM,Cytosol",SRPK1,ENSG00000096063,U-251 MG,Q96SB4 D6RB98 D6RBF8 D6RBM8 D6RDZ3 H0Y932 H3BLV9
2369,-0.45868066,3.0645888,56486_914_D10_1,0 21 25,"Nucleoplasm,PM,Cytosol",SRPK1,ENSG00000096063,U-2 OS,Q96SB4 D6RB98 D6RBF8 D6RBM8 D6RDZ3 H0Y932 H3BLV9
2370,-0.3236273,2.8386357,56486_914_D10_2,0 21 25,"Nucleoplasm,PM,Cytosol",SRPK1,ENSG00000096063,U-2 OS,Q96SB4 D6RB98 D6RBF8 D6RBM8 D6RDZ3 H0Y932 H3BLV9
2386,-0.43701598,2.885719,56486_913_D10_6,0 21 25,"Nucleoplasm,PM,Cytosol",SRPK1,ENSG00000096063,U-251 MG,Q96SB4 D6RB98 D6RBF8 D6RBM8 D6RDZ3 H0Y932 H3BLV9
2642,5.321494,4.921431,29981_374_H2_1,-1 0 11,"Unknow,Nucleoplasm,Int. fil.",SMARCA2,ENSG00000080503,A-431,P51531 A0A0A0MSS5 A0A0A0MT03 A0A0U1RQE1 A0A0U1RQP3 A0A0U1RQS1 A0A0U1RQU0 A0A0U1RQW7 A0A0U1RQX3 A0A0U1RQZ9 A0A0U1RR09 A0A0U1RR26 A0A0U1RR45 A0A0U1RR83 A0A0U1RRD6 A0A0U1RRF5 A0A0U1RRF8 A0A0U1RRG6 A0A0U1RRJ4 A0A0U1RRJ8 A0A0U1RRN2 A0A1B0GTC9 A0A1B0GU54 A0A1B0GUV6 A0A1B0GWA8 A0A1W2PS06 B1ALF6 B1ALG1 B1ALG2 B4DNT1 F6RS74 F6T8Q0 F6UH26 F6VDE0 F6XE55
2644,5.3208623,4.894955,29981_374_H2_2,-1 0 11,"Unknow,Nucleoplasm,Int. fil.",SMARCA2,ENSG00000080503,A-431,P51531 A0A0A0MSS5 A0A0A0MT03 A0A0U1RQE1 A0A0U1RQP3 A0A0U1RQS1 A0A0U1RQU0 A0A0U1RQW7 A0A0U1RQX3 A0A0U1RQZ9 A0A0U1RR09 A0A0U1RR26 A0A0U1RR45 A0A0U1RR83 A0A0U1RRD6 A0A0U1RRF5 A0A0U1RRF8 A0A0U1RRG6 A0A0U1RRJ4 A0A0U1RRJ8 A0A0U1RRN2 A0A1B0GTC9 A0A1B0GU54 A0A1B0GUV6 A0A1B0GWA8 A0A1W2PS06 B1ALF6 B1ALG1 B1ALG2 B4DNT1 F6RS74 F6T8Q0 F6UH26 F6VDE0 F6XE55
3044,1.1983247,1.4355189,49470_777_G7_5,0 21 25,"Nucleoplasm,PM,Cytosol",ANKRD11,ENSG00000167522,U-2 OS,Q6UB99 A0A087WTN8 A0A2R8Y438 A0A2R8Y4T9 A0A2R8Y5V1 A0A2R8Y728 A0A2R8Y7Z1 A0A2R8YE03 A0A2R8YE94 A0A2R8YEI0 H0Y2U4 H0Y3E3 H3BNU4 X5D778
3045,0.17232879,2.3820338,49470_777_G7_7,0 21 25,"Nucleoplasm,PM,Cytosol",ANKRD11,ENSG00000167522,U-2 OS,Q6UB99 A0A087WTN8 A0A2R8Y438 A0A2R8Y4T9 A0A2R8Y5V1 A0A2R8Y728 A0A2R8Y7Z1 A0A2R8YE03 A0A2R8YE94 A0A2R8YEI0 H0Y2U4 H0Y3E3 H3BNU4 X5D778
3336,-3.458153,0.2888894,58239_1169_D2_2,-1 0 25,"Unknow,Nucleoplasm,Cytosol",NIPBL,ENSG00000164190,SiHa,Q6KC79 A0A590UJS4 H0Y8M3
3337,-3.2067573,0.075175166,58239_1169_D2_3,-1 0 25,"Unknow,Nucleoplasm,Cytosol",NIPBL,ENSG00000164190,SiHa,Q6KC79 A0A590UJS4 H0Y8M3
3498,-1.1709543,-2.5085542,17376_1786_A5_11,-1 0 25,"Unknow,Nucleoplasm,Cytosol",PHF14,ENSG00000106443,AF22,O94880 A0A0U1RRH6 B4DG57 E5RHD5
3502,-1.1727746,-2.5041509,17376_1786_A5_9,-1 0 25,"Unknow,Nucleoplasm,Cytosol",PHF14,ENSG00000106443,AF22,O94880 A0A0U1RRH6 B4DG57 E5RHD5
5248,4.9737926,-1.1722887,24251_369_H9_1,0 1 25,"Nucleoplasm,N. membrane,Cytosol",TNRC18,ENSG00000182095,A-431,O15417 A8MTZ4 C9J9K1 H7BXS9 H7C0N9 H7C177 H7C3U5 H9KVB4
5278,4.942954,-0.9414969,24251_369_H9_3,0 1 25,"Nucleoplasm,N. membrane,Cytosol",TNRC18,ENSG00000182095,A-431,O15417 A8MTZ4 C9J9K1 H7BXS9 H7C0N9 H7C177 H7C3U5 H9KVB4
6526,3.5249405,-6.438664,20730_222_H9_2,0 1 25,"Nucleoplasm,N. membrane,Cytosol",TNRC18,ENSG00000182095,A-431,O15417 A8MTZ4 C9J9K1 H7BXS9 H7C0N9 H7C177 H7C3U5 H9KVB4
6527,-1.0619799,-0.99632514,20730_222_H9_1,0 1 25,"Nucleoplasm,N. membrane,Cytosol",TNRC18,ENSG00000182095,A-431,O15417 A8MTZ4 C9J9K1 H7BXS9 H7C0N9 H7C177 H7C3U5 H9KVB4
7442,-4.128904,-3.639006,35208_371_F4_1,0 5 25,"Nucleoplasm,N. bodies,Cytosol",ANKZF1,ENSG00000163516,U-2 OS,Q9H8Y5 B8ZZS4 C9J5H7 C9JQZ3 C9JS61 C9K022 F8WD44
7444,-3.3799276,-0.8886405,35208_371_F4_2,0 5 25,"Nucleoplasm,N. bodies,Cytosol",ANKZF1,ENSG00000163516,U-2 OS,Q9H8Y5 B8ZZS4 C9J5H7 C9JQZ3 C9JS61 C9K022 F8WD44
8023,-6.791962,1.1486832,15809_1579_C1_2,0 4 25,"Nucleoplasm,N. speckles,Cytosol",CHD5,ENSG00000116254,PC-3,Q8TDI0 F2Z2R5 F6T542 K7EMC0 K7EMY3 K7ESA5
8025,-6.4782925,1.1605915,15809_1579_C1_1,0 4 25,"Nucleoplasm,N. speckles,Cytosol",CHD5,ENSG00000116254,PC-3,Q8TDI0 F2Z2R5 F6T542 K7EMC0 K7EMY3 K7ESA5
8026,-6.1428704,0.6565154,15809_1353_E2_3,0 4 25,"Nucleoplasm,N. speckles,Cytosol",CHD5,ENSG00000116254,U-2 OS,Q8TDI0 F2Z2R5 F6T542 K7EMC0 K7EMY3 K7ESA5
8027,-6.411863,0.87840873,15809_1353_E2_2,0 4 25,"Nucleoplasm,N. speckles,Cytosol",CHD5,ENSG00000116254,U-2 OS,Q8TDI0 F2Z2R5 F6T542 K7EMC0 K7EMY3 K7ESA5
8055,-3.3216646,-0.09178162,6057_34_G2_2,0 5 25,"Nucleoplasm,N. bodies,Cytosol",ELF2,ENSG00000109381,U-251 MG,Q15723 D6RGD9 D6RHI1
8056,-4.2759895,-3.1992798,6057_34_G2_1,0 5 25,"Nucleoplasm,N. bodies,Cytosol",ELF2,ENSG00000109381,U-251 MG,Q15723 D6RGD9 D6RHI1
8057,-3.803239,-3.484457,6057_33_G2_2,0 5 25,"Nucleoplasm,N. bodies,Cytosol",ELF2,ENSG00000109381,A-431,Q15723 D6RGD9 D6RHI1
8058,-3.8276007,-3.5314753,6057_33_G2_1,0 5 25,"Nucleoplasm,N. bodies,Cytosol",ELF2,ENSG00000109381,A-431,Q15723 D6RGD9 D6RHI1
8059,-3.8440611,-3.3429413,6057_32_G2_2,0 5 25,"Nucleoplasm,N. bodies,Cytosol",ELF2,ENSG00000109381,U-2 OS,Q15723 D6RGD9 D6RHI1
8060,-3.7587554,-3.4104407,6057_32_G2_1,0 5 25,"Nucleoplasm,N. bodies,Cytosol",ELF2,ENSG00000109381,U-2 OS,Q15723 D6RGD9 D6RHI1
8192,-3.7255485,-3.090649,38800_789_D12_2,0 5 25,"Nucleoplasm,N. bodies,Cytosol",TCF7L2,ENSG00000148737,U-251 MG,Q9NQB0 A0A0A0MTL7 A0A0D9SGH8 A0A1B0GU84 A0A1B0GUV5 A0A1B0GVE1 C6ZRJ6 C6ZRJ7 C6ZRK5 E2GH26 H0YEE5 Q5JRY3 Q5JRY4 Q5JRY5 Q5VVR5 Q5VVR7 Q5VVR8
8193,-2.296511,-0.4788418,38800_789_D12_1,0 5 25,"Nucleoplasm,N. bodies,Cytosol",TCF7L2,ENSG00000148737,U-251 MG,Q9NQB0 A0A0A0MTL7 A0A0D9SGH8 A0A1B0GU84 A0A1B0GUV5 A0A1B0GVE1 C6ZRJ6 C6ZRJ7 C6ZRK5 E2GH26 H0YEE5 Q5JRY3 Q5JRY4 Q5JRY5 Q5VVR5 Q5VVR7 Q5VVR8
8906,2.155692,1.6011237,38298_436_F11_1,-1 25,"Unknow,Cytosol",TMIE,ENSG00000181585,A-431,Q8NEW7 A0A2R8YDZ8 A0A494C1A3
8907,2.1367865,2.7393825,38298_1381_B5_2,-1 25,"Unknow,Cytosol",TMIE,ENSG00000181585,SH-SY5Y,Q8NEW7 A0A2R8YDZ8 A0A494C1A3
8910,1.8279245,3.019599,38298_1381_B5_1,-1 25,"Unknow,Cytosol",TMIE,ENSG00000181585,SH-SY5Y,Q8NEW7 A0A2R8YDZ8 A0A494C1A3
8966,3.167876,2.7875504,40095_712_B1_1,21 25,"PM,Cytosol",EIF5B,ENSG00000158417,U-2 OS,O60841 A0A087WUT6
8970,2.601718,2.491697,40095_712_B1_2,21 25,"PM,Cytosol",EIF5B,ENSG00000158417,U-2 OS,O60841 A0A087WUT6
9312,2.651033,1.6804284,38298_442_F11_1,-1 25,"Unknow,Cytosol",TMIE,ENSG00000181585,U-2 OS,Q8NEW7 A0A2R8YDZ8 A0A494C1A3
9316,3.0423524,1.5014724,38298_436_F11_2,-1 25,"Unknow,Cytosol",TMIE,ENSG00000181585,A-431,Q8NEW7 A0A2R8YDZ8 A0A494C1A3
9330,2.8757122,1.6291335,38298_442_F11_3,-1 25,"Unknow,Cytosol",TMIE,ENSG00000181585,U-2 OS,Q8NEW7 A0A2R8YDZ8 A0A494C1A3
9919,2.6364996,6.625354,52397_1310_A9_2,-1 14,"Unknow,Microtubules",TTLL6,ENSG00000170703,A549,Q8N841 F6QD81 F8W896 F8W9N0 F8WDP8
9921,3.0582445,6.266545,52397_1310_A9_3,-1 14,"Unknow,Microtubules",TTLL6,ENSG00000170703,A549,Q8N841 F6QD81 F8W896 F8W9N0 F8WDP8
11792,0.88188434,6.401361,51146_712_H11_1,12 25,"Actin fil.,Cytosol",PRKRIP1,ENSG00000128563,U-2 OS,Q9H875 E9PC43
11793,0.8648368,6.392676,51146_712_H11_2,12 25,"Actin fil.,Cytosol",PRKRIP1,ENSG00000128563,U-2 OS,Q9H875 E9PC43
11794,0.7927348,5.677445,51146_804_H11_2,12 25,"Actin fil.,Cytosol",PRKRIP1,ENSG00000128563,HEK 293,Q9H875 E9PC43
11795,0.73199433,5.81862,51146_804_H11_3,12 25,"Actin fil.,Cytosol",PRKRIP1,ENSG00000128563,HEK 293,Q9H875 E9PC43
12572,-0.096615605,4.5920277,66647_1772_C9_3,21 22,"PM,C. Junctions",PKP4,ENSG00000144283,U-2 OS,Q99569 A0A0D9SF60 E7EMY7 E7EP40 E7EST6 E9PHJ1 H0YFB1
12573,-0.06229318,4.6051245,66647_1772_C9_4,21 22,"PM,C. Junctions",PKP4,ENSG00000144283,U-2 OS,Q99569 A0A0D9SF60 E7EMY7 E7EP40 E7EST6 E9PHJ1 H0YFB1
14063,0.42210633,3.8311913,56486_919_D10_1,21 25,"PM,Cytosol",SRPK1,ENSG00000096063,A-431,Q96SB4 D6RB98 D6RBF8 D6RBM8 D6RDZ3 H0Y932 H3BLV9
14080,0.31904206,3.8933766,56486_919_D10_2,21 25,"PM,Cytosol",SRPK1,ENSG00000096063,A-431,Q96SB4 D6RB98 D6RBF8 D6RBM8 D6RDZ3 H0Y932 H3BLV9
14935,0.80786854,3.359133,867_10_E11_2,21 25,"PM,Cytosol",EIF5,ENSG00000100664,U-2 OS,P55010 H0YK11 H0YK29 H0YLZ1 H0YM54 H0YMJ8 H0YN40
14937,0.99600923,3.0524192,867_10_E11_1,21 25,"PM,Cytosol",EIF5,ENSG00000100664,U-2 OS,P55010 H0YK11 H0YK29 H0YLZ1 H0YM54 H0YMJ8 H0YN40
15716,0.8718361,-4.3150597,11673_638_E1_1,2 25,"Nucleoli,Cytosol",PARN,ENSG00000140694,A-431,O95453 A0A494BZU6 A0A494BZW7 A0A494C002 A0A494C008 A0A494C0K5 A0A494C0N0 A0A494C0P9 A0A494C0Q2 A0A494C0Q6 A0A494C0W0 A0A494C156 A0A494C1G3 A0A494C1K5 A0A494C1N1 F5H1Z4 H3BRK1 H3BT23 H3BVG1
15740,-7.309912,0.5662544,53727_823_D11_2,-1 4,"Unknow,N. speckles",ZCCHC17,ENSG00000121766,CACO-2,Q9NP64 A0A087WXF8 A0A087WXU5 A0A087WYF0 A0A087WYV3 A0A0D9SEW3
15745,-7.301144,0.70139813,53727_823_D11_1,-1 4,"Unknow,N. speckles",ZCCHC17,ENSG00000121766,CACO-2,Q9NP64 A0A087WXF8 A0A087WXU5 A0A087WYF0 A0A087WYV3 A0A0D9SEW3
15756,1.002685,-4.3161116,11673_638_E1_2,2 25,"Nucleoli,Cytosol",PARN,ENSG00000140694,A-431,O95453 A0A494BZU6 A0A494BZW7 A0A494C002 A0A494C008 A0A494C0K5 A0A494C0N0 A0A494C0P9 A0A494C0Q2 A0A494C0Q6 A0A494C0W0 A0A494C156 A0A494C1G3 A0A494C1K5 A0A494C1N1 F5H1Z4 H3BRK1 H3BT23 H3BVG1
15757,-7.1249037,0.8100529,53727_832_C5_1,4 11,"N. speckles,Int. fil.",ZCCHC17,ENSG00000121766,U-2 OS,Q9NP64 A0A087WXF8 A0A087WXU5 A0A087WYF0 A0A087WYV3 A0A0D9SEW3
15768,-7.2018113,0.8133094,53727_832_C5_2,4 11,"N. speckles,Int. fil.",ZCCHC17,ENSG00000121766,U-2 OS,Q9NP64 A0A087WXF8 A0A087WXU5 A0A087WYF0 A0A087WYV3 A0A0D9SEW3
16660,-0.12864171,-0.2718888,50778_756_C7_2,0 25,"Nucleoplasm,Cytosol",RP9,ENSG00000164610,U-251 MG,Q8TA86 C9J6V2
16672,-0.18108733,-0.18756571,50778_756_C7_1,0 25,"Nucleoplasm,Cytosol",RP9,ENSG00000164610,U-251 MG,Q8TA86 C9J6V2
16677,-0.71113956,-2.9557488,50778_1137_F4_1,0 25,"Nucleoplasm,Cytosol",RP9,ENSG00000164610,MCF7,Q8TA86 C9J6V2
16678,-0.44261482,-3.3086126,50778_1137_F4_3,0 25,"Nucleoplasm,Cytosol",RP9,ENSG00000164610,MCF7,Q8TA86 C9J6V2
16757,5.1460757,-0.963739,50583_711_H6_1,0 23,"Nucleoplasm,Mitochondria",NRDE2,ENSG00000119720,U-2 OS,Q9H7Z3 G3V338 H0YJT0 H0YJT6
16761,5.8758187,-1.016637,50583_711_H6_2,0 23,"Nucleoplasm,Mitochondria",NRDE2,ENSG00000119720,U-2 OS,Q9H7Z3 G3V338 H0YJT0 H0YJT6
16763,5.693012,-1.6971319,50583_723_H6_1,0 23,"Nucleoplasm,Mitochondria",NRDE2,ENSG00000119720,MCF7,Q9H7Z3 G3V338 H0YJT0 H0YJT6
16766,5.7997212,-1.6913134,50583_723_H6_3,0 23,"Nucleoplasm,Mitochondria",NRDE2,ENSG00000119720,MCF7,Q9H7Z3 G3V338 H0YJT0 H0YJT6
18578,-0.59528404,3.701355,156_658_A9_8,0 21,"Nucleoplasm,PM",ERCC4,ENSG00000175595,U-251 MG,Q92889 I3L4K0 I3NI48
18580,-0.22809702,4.7775702,156_658_A9_7,0 21,"Nucleoplasm,PM",ERCC4,ENSG00000175595,U-251 MG,Q92889 I3L4K0 I3NI48
19817,-1.219221,0.8888294,19288_618_C4_2,0 25,"Nucleoplasm,Cytosol",ANKRD11,ENSG00000167522,A-431,Q6UB99 A0A087WTN8 A0A2R8Y438 A0A2R8Y4T9 A0A2R8Y5V1 A0A2R8Y728 A0A2R8Y7Z1 A0A2R8YE03 A0A2R8YE94 A0A2R8YEI0 H0Y2U4 H0Y3E3 H3BNU4 X5D778
19819,-1.0727544,1.0234932,19288_618_C4_1,0 25,"Nucleoplasm,Cytosol",ANKRD11,ENSG00000167522,A-431,Q6UB99 A0A087WTN8 A0A2R8Y438 A0A2R8Y4T9 A0A2R8Y5V1 A0A2R8Y728 A0A2R8Y7Z1 A0A2R8YE03 A0A2R8YE94 A0A2R8YEI0 H0Y2U4 H0Y3E3 H3BNU4 X5D778
19820,0.29356468,-1.0691912,19288_614_C4_2,0 25,"Nucleoplasm,Cytosol",ANKRD11,ENSG00000167522,U-2 OS,Q6UB99 A0A087WTN8 A0A2R8Y438 A0A2R8Y4T9 A0A2R8Y5V1 A0A2R8Y728 A0A2R8Y7Z1 A0A2R8YE03 A0A2R8YE94 A0A2R8YEI0 H0Y2U4 H0Y3E3 H3BNU4 X5D778
19821,0.43168515,-1.2138118,19288_614_C4_1,0 25,"Nucleoplasm,Cytosol",ANKRD11,ENSG00000167522,U-2 OS,Q6UB99 A0A087WTN8 A0A2R8Y438 A0A2R8Y4T9 A0A2R8Y5V1 A0A2R8Y728 A0A2R8Y7Z1 A0A2R8YE03 A0A2R8YE94 A0A2R8YEI0 H0Y2U4 H0Y3E3 H3BNU4 X5D778
19822,0.15031967,-1.0234218,19288_611_C4_3,0 25,"Nucleoplasm,Cytosol",ANKRD11,ENSG00000167522,U-251 MG,Q6UB99 A0A087WTN8 A0A2R8Y438 A0A2R8Y4T9 A0A2R8Y5V1 A0A2R8Y728 A0A2R8Y7Z1 A0A2R8YE03 A0A2R8YE94 A0A2R8YEI0 H0Y2U4 H0Y3E3 H3BNU4 X5D778
19824,0.13970752,-1.0148265,19288_611_C4_2,0 25,"Nucleoplasm,Cytosol",ANKRD11,ENSG00000167522,U-251 MG,Q6UB99 A0A087WTN8 A0A2R8Y438 A0A2R8Y4T9 A0A2R8Y5V1 A0A2R8Y728 A0A2R8Y7Z1 A0A2R8YE03 A0A2R8YE94 A0A2R8YEI0 H0Y2U4 H0Y3E3 H3BNU4 X5D778
20818,3.5950503,-6.1312447,31765_372_E10_1,0 25,"Nucleoplasm,Cytosol",ZMYM2,ENSG00000121741,U-251 MG,Q9UBW7 A0A087X151
20842,-1.4556328,0.5244472,31765_372_E10_2,0 25,"Nucleoplasm,Cytosol",ZMYM2,ENSG00000121741,U-251 MG,Q9UBW7 A0A087X151
21053,-1.4300231,0.30400965,40379_539_H3_3,0 25,"Nucleoplasm,Cytosol",FANCI,ENSG00000140525,A-431,Q9NVI1 A0A6Q8PGF4 A0A6Q8PH09 F8W7R3 H3BMG4 H3BN35 H3BP78 H3BQE2 H3BS60 H3BT54
21054,-1.4278939,0.47999704,40379_539_H3_5,0 25,"Nucleoplasm,Cytosol",FANCI,ENSG00000140525,A-431,Q9NVI1 A0A6Q8PGF4 A0A6Q8PH09 F8W7R3 H3BMG4 H3BN35 H3BP78 H3BQE2 H3BS60 H3BT54
21055,-1.5791035,-0.17269577,40379_552_H3_2,0 25,"Nucleoplasm,Cytosol",FANCI,ENSG00000140525,U-251 MG,Q9NVI1 A0A6Q8PGF4 A0A6Q8PH09 F8W7R3 H3BMG4 H3BN35 H3BP78 H3BQE2 H3BS60 H3BT54
21056,-1.4577165,-0.18346617,40379_552_H3_3,0 25,"Nucleoplasm,Cytosol",FANCI,ENSG00000140525,U-251 MG,Q9NVI1 A0A6Q8PGF4 A0A6Q8PH09 F8W7R3 H3BMG4 H3BN35 H3BP78 H3BQE2 H3BS60 H3BT54
21363,-6.065577,1.0369244,40505_411_B11_2,0 13,"Nucleoplasm,F. a. sites",FERMT2,ENSG00000073712,U-2 OS,Q96AC1 A0A0U1RRM8 G3V281 G3V379 G3V3J0 G3V5R2 H0YJ34 H0YJB6
21364,-1.0383836,6.108781,40505_416_B11_4,0 13,"Nucleoplasm,F. a. sites",FERMT2,ENSG00000073712,U-251 MG,Q96AC1 A0A0U1RRM8 G3V281 G3V379 G3V3J0 G3V5R2 H0YJ34 H0YJB6
21365,-2.8637955,3.2692363,40505_416_B11_5,0 13,"Nucleoplasm,F. a. sites",FERMT2,ENSG00000073712,U-251 MG,Q96AC1 A0A0U1RRM8 G3V281 G3V379 G3V3J0 G3V5R2 H0YJ34 H0YJB6
21387,-1.7534971,7.5046415,40505_411_B11_1,0 13,"Nucleoplasm,F. a. sites",FERMT2,ENSG00000073712,U-2 OS,Q96AC1 A0A0U1RRM8 G3V281 G3V379 G3V3J0 G3V5R2 H0YJ34 H0YJB6
21744,-4.786522,-0.6421212,29981_372_H2_2,-1 0,"Unknow,Nucleoplasm",SMARCA2,ENSG00000080503,U-251 MG,P51531 A0A0A0MSS5 A0A0A0MT03 A0A0U1RQE1 A0A0U1RQP3 A0A0U1RQS1 A0A0U1RQU0 A0A0U1RQW7 A0A0U1RQX3 A0A0U1RQZ9 A0A0U1RR09 A0A0U1RR26 A0A0U1RR45 A0A0U1RR83 A0A0U1RRD6 A0A0U1RRF5 A0A0U1RRF8 A0A0U1RRG6 A0A0U1RRJ4 A0A0U1RRJ8 A0A0U1RRN2 A0A1B0GTC9 A0A1B0GU54 A0A1B0GUV6 A0A1B0GWA8 A0A1W2PS06 B1ALF6 B1ALG1 B1ALG2 B4DNT1 F6RS74 F6T8Q0 F6UH26 F6VDE0 F6XE55
21771,-4.7405906,-0.80489725,29981_372_H2_1,-1 0,"Unknow,Nucleoplasm",SMARCA2,ENSG00000080503,U-251 MG,P51531 A0A0A0MSS5 A0A0A0MT03 A0A0U1RQE1 A0A0U1RQP3 A0A0U1RQS1 A0A0U1RQU0 A0A0U1RQW7 A0A0U1RQX3 A0A0U1RQZ9 A0A0U1RR09 A0A0U1RR26 A0A0U1RR45 A0A0U1RR83 A0A0U1RRD6 A0A0U1RRF5 A0A0U1RRF8 A0A0U1RRG6 A0A0U1RRJ4 A0A0U1RRJ8 A0A0U1RRN2 A0A1B0GTC9 A0A1B0GU54 A0A1B0GUV6 A0A1B0GWA8 A0A1W2PS06 B1ALF6 B1ALG1 B1ALG2 B4DNT1 F6RS74 F6T8Q0 F6UH26 F6VDE0 F6XE55
21773,-4.6433663,-0.6021383,29981_371_H2_2,-1 0,"Unknow,Nucleoplasm",SMARCA2,ENSG00000080503,U-2 OS,P51531 A0A0A0MSS5 A0A0A0MT03 A0A0U1RQE1 A0A0U1RQP3 A0A0U1RQS1 A0A0U1RQU0 A0A0U1RQW7 A0A0U1RQX3 A0A0U1RQZ9 A0A0U1RR09 A0A0U1RR26 A0A0U1RR45 A0A0U1RR83 A0A0U1RRD6 A0A0U1RRF5 A0A0U1RRF8 A0A0U1RRG6 A0A0U1RRJ4 A0A0U1RRJ8 A0A0U1RRN2 A0A1B0GTC9 A0A1B0GU54 A0A1B0GUV6 A0A1B0GWA8 A0A1W2PS06 B1ALF6 B1ALG1 B1ALG2 B4DNT1 F6RS74 F6T8Q0 F6UH26 F6VDE0 F6XE55
21774,-4.5461216,-0.5484127,29981_371_H2_1,-1 0,"Unknow,Nucleoplasm",SMARCA2,ENSG00000080503,U-2 OS,P51531 A0A0A0MSS5 A0A0A0MT03 A0A0U1RQE1 A0A0U1RQP3 A0A0U1RQS1 A0A0U1RQU0 A0A0U1RQW7 A0A0U1RQX3 A0A0U1RQZ9 A0A0U1RR09 A0A0U1RR26 A0A0U1RR45 A0A0U1RR83 A0A0U1RRD6 A0A0U1RRF5 A0A0U1RRF8 A0A0U1RRG6 A0A0U1RRJ4 A0A0U1RRJ8 A0A0U1RRN2 A0A1B0GTC9 A0A1B0GU54 A0A1B0GUV6 A0A1B0GWA8 A0A1W2PS06 B1ALF6 B1ALG1 B1ALG2 B4DNT1 F6RS74 F6T8Q0 F6UH26 F6VDE0 F6XE55
21927,5.2411447,4.811184,41417_1664_B11_1,0 11,"Nucleoplasm,Int. fil.",INO80,ENSG00000128908,U-2 OS,Q9ULG1 A0A087X0U7 H0YKH3 H0YMN5 H0YNL3
21928,5.1736836,4.788198,41417_1664_B11_3,0 11,"Nucleoplasm,Int. fil.",INO80,ENSG00000128908,U-2 OS,Q9ULG1 A0A087X0U7 H0YKH3 H0YMN5 H0YNL3
22018,-0.48952714,-0.69307595,31523_332_C5_2,0 25,"Nucleoplasm,Cytosol",RP9,ENSG00000164610,U-2 OS,Q8TA86 C9J6V2
22019,-0.7056276,-0.6215885,31523_332_C5_1,0 25,"Nucleoplasm,Cytosol",RP9,ENSG00000164610,U-2 OS,Q8TA86 C9J6V2
22020,-1.3313704,-2.2873592,31523_329_C5_2,0 25,"Nucleoplasm,Cytosol",RP9,ENSG00000164610,U-251 MG,Q8TA86 C9J6V2
22021,-0.7057316,-0.63475204,31523_329_C5_1,0 25,"Nucleoplasm,Cytosol",RP9,ENSG00000164610,U-251 MG,Q8TA86 C9J6V2
22042,-1.6624714,-1.1927874,31523_334_C5_1,0 25,"Nucleoplasm,Cytosol",RP9,ENSG00000164610,A-431,Q8TA86 C9J6V2
22043,-1.0428815,-1.9758536,31523_334_C5_5,0 25,"Nucleoplasm,Cytosol",RP9,ENSG00000164610,A-431,Q8TA86 C9J6V2
22281,-1.7413712,7.3558903,41484_1608_C11_1,0 21,"Nucleoplasm,PM",INO80,ENSG00000128908,HaCaT,Q9ULG1 A0A087X0U7 H0YKH3 H0YMN5 H0YNL3
22282,-2.8622246,0.82537985,41484_1608_C11_2,0 21,"Nucleoplasm,PM",INO80,ENSG00000128908,HaCaT,Q9ULG1 A0A087X0U7 H0YKH3 H0YMN5 H0YNL3
22619,-3.619554,0.06676611,35907_410_G8_1,-1 0,"Unknow,Nucleoplasm",SLU7,ENSG00000164609,U-2 OS,O95391 A0A0C4DGD2 E5RGM7 E5RK41
22642,-3.6424813,0.14599502,35907_410_G8_2,-1 0,"Unknow,Nucleoplasm",SLU7,ENSG00000164609,U-2 OS,O95391 A0A0C4DGD2 E5RGM7 E5RK41
22674,-6.615004,1.7195175,38272_593_C6_1,4 25,"N. speckles,Cytosol",PRPF40A,ENSG00000196504,A-431,O75400 A0A7N4I394 F5H578 H0YG38 H7BXZ7 H7C2N3
22675,-6.6185427,1.7068889,38272_593_C6_2,4 25,"N. speckles,Cytosol",PRPF40A,ENSG00000196504,A-431,O75400 A0A7N4I394 F5H578 H0YG38 H7BXZ7 H7C2N3
22676,-6.876411,1.5123751,38272_594_C6_1,4 25,"N. speckles,Cytosol",PRPF40A,ENSG00000196504,U-251 MG,O75400 A0A7N4I394 F5H578 H0YG38 H7BXZ7 H7C2N3
22677,-6.888072,1.5116457,38272_594_C6_2,4 25,"N. speckles,Cytosol",PRPF40A,ENSG00000196504,U-251 MG,O75400 A0A7N4I394 F5H578 H0YG38 H7BXZ7 H7C2N3
22678,-6.818284,1.4028156,38272_596_C6_1,4 25,"N. speckles,Cytosol",PRPF40A,ENSG00000196504,U-2 OS,O75400 A0A7N4I394 F5H578 H0YG38 H7BXZ7 H7C2N3
22679,-7.0210505,1.3993504,38272_596_C6_2,4 25,"N. speckles,Cytosol",PRPF40A,ENSG00000196504,U-2 OS,O75400 A0A7N4I394 F5H578 H0YG38 H7BXZ7 H7C2N3
23959,-0.7661359,0.80068994,35208_374_F4_2,0 25,"Nucleoplasm,Cytosol",ANKZF1,ENSG00000163516,A-431,Q9H8Y5 B8ZZS4 C9J5H7 C9JQZ3 C9JS61 C9K022 F8WD44
23960,3.6429353,-6.0031805,35208_374_F4_1,0 25,"Nucleoplasm,Cytosol",ANKZF1,ENSG00000163516,A-431,Q9H8Y5 B8ZZS4 C9J5H7 C9JQZ3 C9JS61 C9K022 F8WD44
23961,-1.5297573,0.7183023,35208_372_F4_2,0 25,"Nucleoplasm,Cytosol",ANKZF1,ENSG00000163516,U-251 MG,Q9H8Y5 B8ZZS4 C9J5H7 C9JQZ3 C9JS61 C9K022 F8WD44
23962,-1.3872603,0.8445583,35208_372_F4_1,0 25,"Nucleoplasm,Cytosol",ANKZF1,ENSG00000163516,U-251 MG,Q9H8Y5 B8ZZS4 C9J5H7 C9JQZ3 C9JS61 C9K022 F8WD44
24538,-3.2430065,-0.6701964,45828_816_F6_1,0 22,"Nucleoplasm,C. Junctions",ERCC4,ENSG00000175595,A-431,Q92889 I3L4K0 I3NI48
24540,-2.8609014,-1.0203953,45828_816_F6_2,0 22,"Nucleoplasm,C. Junctions",ERCC4,ENSG00000175595,A-431,Q92889 I3L4K0 I3NI48
24619,0.3133972,1.934063,2697_34_D10_2,0 25,"Nucleoplasm,Cytosol",SSRP1,ENSG00000149136,U-251 MG,Q08945 A0A0U1RRK2 E9PMD4 E9PPZ7
24620,0.5515526,2.0671117,2697_34_D10_1,0 25,"Nucleoplasm,Cytosol",SSRP1,ENSG00000149136,U-251 MG,Q08945 A0A0U1RRK2 E9PMD4 E9PPZ7
24621,0.46472433,1.4195199,2697_33_D10_2,0 25,"Nucleoplasm,Cytosol",SSRP1,ENSG00000149136,A-431,Q08945 A0A0U1RRK2 E9PMD4 E9PPZ7
24623,-1.411859,1.0280812,2697_33_D10_1,0 25,"Nucleoplasm,Cytosol",SSRP1,ENSG00000149136,A-431,Q08945 A0A0U1RRK2 E9PMD4 E9PPZ7
25356,0.30427533,1.2621422,49470_790_G7_1,0 25,"Nucleoplasm,Cytosol",ANKRD11,ENSG00000167522,U-251 MG,Q6UB99 A0A087WTN8 A0A2R8Y438 A0A2R8Y4T9 A0A2R8Y5V1 A0A2R8Y728 A0A2R8Y7Z1 A0A2R8YE03 A0A2R8YE94 A0A2R8YEI0 H0Y2U4 H0Y3E3 H3BNU4 X5D778
25357,0.29478863,1.3886657,49470_790_G7_2,0 25,"Nucleoplasm,Cytosol",ANKRD11,ENSG00000167522,U-251 MG,Q6UB99 A0A087WTN8 A0A2R8Y438 A0A2R8Y4T9 A0A2R8Y5V1 A0A2R8Y728 A0A2R8Y7Z1 A0A2R8YE03 A0A2R8YE94 A0A2R8YEI0 H0Y2U4 H0Y3E3 H3BNU4 X5D778
25360,-1.3079604,-0.49380252,49470_816_G7_1,0 25,"Nucleoplasm,Cytosol",ANKRD11,ENSG00000167522,A-431,Q6UB99 A0A087WTN8 A0A2R8Y438 A0A2R8Y4T9 A0A2R8Y5V1 A0A2R8Y728 A0A2R8Y7Z1 A0A2R8YE03 A0A2R8YE94 A0A2R8YEI0 H0Y2U4 H0Y3E3 H3BNU4 X5D778
25363,-1.2553347,-0.42866695,49470_816_G7_2,0 25,"Nucleoplasm,Cytosol",ANKRD11,ENSG00000167522,A-431,Q6UB99 A0A087WTN8 A0A2R8Y438 A0A2R8Y4T9 A0A2R8Y5V1 A0A2R8Y728 A0A2R8Y7Z1 A0A2R8YE03 A0A2R8YE94 A0A2R8YEI0 H0Y2U4 H0Y3E3 H3BNU4 X5D778
25427,-3.3781877,2.8744485,4790_14_D12_2,0 19,"Nucleoplasm,Centrosome",MCM3,ENSG00000112118,A-431,P25205 A0A499FHX9 J3KQ69 Q7Z6P5
25429,-3.426847,2.9056904,4790_16_D12_1,0 19,"Nucleoplasm,Centrosome",MCM3,ENSG00000112118,U-251 MG,P25205 A0A499FHX9 J3KQ69 Q7Z6P5
25430,-3.4405289,3.0312102,4790_16_D12_2,0 19,"Nucleoplasm,Centrosome",MCM3,ENSG00000112118,U-251 MG,P25205 A0A499FHX9 J3KQ69 Q7Z6P5
25504,-3.3476613,2.8631878,4790_14_D12_1,0 19,"Nucleoplasm,Centrosome",MCM3,ENSG00000112118,A-431,P25205 A0A499FHX9 J3KQ69 Q7Z6P5
25505,-3.404288,2.4993348,4790_13_D12_2,0 19,"Nucleoplasm,Centrosome",MCM3,ENSG00000112118,U-2 OS,P25205 A0A499FHX9 J3KQ69 Q7Z6P5
25520,-3.398476,2.6895623,4790_13_D12_1,0 19,"Nucleoplasm,Centrosome",MCM3,ENSG00000112118,U-2 OS,P25205 A0A499FHX9 J3KQ69 Q7Z6P5
25568,4.773067,-1.2209514,24251_365_H9_3,0 23,"Nucleoplasm,Mitochondria",TNRC18,ENSG00000182095,U-2 OS,O15417 A8MTZ4 C9J9K1 H7BXS9 H7C0N9 H7C177 H7C3U5 H9KVB4
25569,-1.326953,-0.2613203,24251_364_H9_2,0 25,"Nucleoplasm,Cytosol",TNRC18,ENSG00000182095,U-251 MG,O15417 A8MTZ4 C9J9K1 H7BXS9 H7C0N9 H7C177 H7C3U5 H9KVB4
25570,-1.2966872,0.3635458,24251_364_H9_1,0 25,"Nucleoplasm,Cytosol",TNRC18,ENSG00000182095,U-251 MG,O15417 A8MTZ4 C9J9K1 H7BXS9 H7C0N9 H7C177 H7C3U5 H9KVB4
25586,4.791839,-1.5681165,24251_365_H9_4,0 23,"Nucleoplasm,Mitochondria",TNRC18,ENSG00000182095,U-2 OS,O15417 A8MTZ4 C9J9K1 H7BXS9 H7C0N9 H7C177 H7C3U5 H9KVB4
26633,-0.92884827,-0.4698275,29620_365_D3_2,0 25,"Nucleoplasm,Cytosol",PHF20,ENSG00000025293,U-2 OS,Q9BVI0 B0QYY0 B0QZ19 F8WCQ1 Q5JWZ0 Q5JXL1
26634,-1.4208199,-0.4469364,29620_365_D3_1,0 25,"Nucleoplasm,Cytosol",PHF20,ENSG00000025293,U-2 OS,Q9BVI0 B0QYY0 B0QZ19 F8WCQ1 Q5JWZ0 Q5JXL1
26635,-1.2786849,1.0047159,29620_364_D3_2,0 25,"Nucleoplasm,Cytosol",PHF20,ENSG00000025293,U-251 MG,Q9BVI0 B0QYY0 B0QZ19 F8WCQ1 Q5JWZ0 Q5JXL1
26636,-1.073737,1.0532258,29620_364_D3_1,0 25,"Nucleoplasm,Cytosol",PHF20,ENSG00000025293,U-251 MG,Q9BVI0 B0QYY0 B0QZ19 F8WCQ1 Q5JWZ0 Q5JXL1
26848,-0.95654976,-1.6840193,27930_507_E1_2,0 25,"Nucleoplasm,Cytosol",LARP7,ENSG00000174720,U-251 MG,Q4G0J3 D6R9Z6 D6RAF3 D6RBH8 D6RF22 D6RF49 D6RFF0 H0YA82
26849,-1.5458695,-2.3595805,27930_507_E1_1,0 25,"Nucleoplasm,Cytosol",LARP7,ENSG00000174720,U-251 MG,Q4G0J3 D6R9Z6 D6RAF3 D6RBH8 D6RF22 D6RF49 D6RFF0 H0YA82
26850,1.4527843,1.2352676,27930_497_E1_2,0 25,"Nucleoplasm,Cytosol",LARP7,ENSG00000174720,U-2 OS,Q4G0J3 D6R9Z6 D6RAF3 D6RBH8 D6RF22 D6RF49 D6RFF0 H0YA82
26862,0.250684,0.09264267,27930_497_E1_1,0 25,"Nucleoplasm,Cytosol",LARP7,ENSG00000174720,U-2 OS,Q4G0J3 D6R9Z6 D6RAF3 D6RBH8 D6RF22 D6RF49 D6RFF0 H0YA82
26924,-1.5107821,-0.30877483,27930_511_E1_4,0 25,"Nucleoplasm,Cytosol",LARP7,ENSG00000174720,A-431,Q4G0J3 D6R9Z6 D6RAF3 D6RBH8 D6RF22 D6RF49 D6RFF0 H0YA82
27140,-0.50405455,0.01491018,27930_511_E1_3,0 25,"Nucleoplasm,Cytosol",LARP7,ENSG00000174720,A-431,Q4G0J3 D6R9Z6 D6RAF3 D6RBH8 D6RF22 D6RF49 D6RFF0 H0YA82
29038,5.0249395,-1.840091,58120_997_C10_1,4 25,"N. speckles,Cytosol",SLU7,ENSG00000164609,A-431,O95391 A0A0C4DGD2 E5RGM7 E5RK41
29065,5.078335,-1.8041655,58120_997_C10_2,4 25,"N. speckles,Cytosol",SLU7,ENSG00000164609,A-431,O95391 A0A0C4DGD2 E5RGM7 E5RK41
29069,-3.4098713,-1.4068911,58239_1005_F8_1,0 25,"Nucleoplasm,Cytosol",NIPBL,ENSG00000164190,A-431,Q6KC79 A0A590UJS4 H0Y8M3
29070,-3.2582881,-0.9840937,58239_1005_F8_2,0 25,"Nucleoplasm,Cytosol",NIPBL,ENSG00000164190,A-431,Q6KC79 A0A590UJS4 H0Y8M3
32108,-4.1095276,-0.27298406,916_53_C9_1,0 25,"Nucleoplasm,Cytosol",NKAP,ENSG00000101882,U-2 OS,Q8N5F7 A0A494C050
32109,-4.096133,-0.12909979,916_53_C9_2,0 25,"Nucleoplasm,Cytosol",NKAP,ENSG00000101882,U-2 OS,Q8N5F7 A0A494C050
32110,-2.8573058,0.2657623,916_55_C9_1,0 25,"Nucleoplasm,Cytosol",NKAP,ENSG00000101882,U-251 MG,Q8N5F7 A0A494C050
32111,-2.826837,0.14088818,916_55_C9_2,0 25,"Nucleoplasm,Cytosol",NKAP,ENSG00000101882,U-251 MG,Q8N5F7 A0A494C050
33413,-0.53766584,2.6691089,68568_1469_F10_5,0 21,"Nucleoplasm,PM",BCORL1,ENSG00000085185,HEK 293,Q5H9F3 A0A075B6Q3 A0A087X1F0 H7C4B2 V9GYD4
33414,-0.5065617,2.533008,68568_1469_F10_7,0 21,"Nucleoplasm,PM",BCORL1,ENSG00000085185,HEK 293,Q5H9F3 A0A075B6Q3 A0A087X1F0 H7C4B2 V9GYD4
33415,-0.54313725,3.5216658,68568_1478_F10_1,0 21,"Nucleoplasm,PM",BCORL1,ENSG00000085185,U-2 OS,Q5H9F3 A0A075B6Q3 A0A087X1F0 H7C4B2 V9GYD4
33416,-0.5637794,3.4482985,68568_1478_F10_2,0 21,"Nucleoplasm,PM",BCORL1,ENSG00000085185,U-2 OS,Q5H9F3 A0A075B6Q3 A0A087X1F0 H7C4B2 V9GYD4
33417,-3.485806,-2.157383,68568_1520_F11_1,0 21,"Nucleoplasm,PM",BCORL1,ENSG00000085185,CACO-2,Q5H9F3 A0A075B6Q3 A0A087X1F0 H7C4B2 V9GYD4
33418,-3.4304504,-2.1920896,68568_1520_F11_2,0 21,"Nucleoplasm,PM",BCORL1,ENSG00000085185,CACO-2,Q5H9F3 A0A075B6Q3 A0A087X1F0 H7C4B2 V9GYD4
33937,0.4202187,1.9945698,660_10_D10_1,0 25,"Nucleoplasm,Cytosol",VRK1,ENSG00000100749,U-2 OS,Q99986 H0YJ50 H0YJF7 H0YJJ9
33964,0.85522306,1.7855759,660_10_D10_2,0 25,"Nucleoplasm,Cytosol",VRK1,ENSG00000100749,U-2 OS,Q99986 H0YJ50 H0YJF7 H0YJJ9
34025,-1.1802254,-2.6311114,6714_41_C12_1,0 25,"Nucleoplasm,Cytosol",RTF1,ENSG00000137815,U-2 OS,Q92541 H0YKX1
34026,-1.7596127,-0.9440575,6714_41_C12_2,0 25,"Nucleoplasm,Cytosol",RTF1,ENSG00000137815,U-2 OS,Q92541 H0YKX1
34027,-1.7187985,-0.867782,6714_42_C12_1,0 25,"Nucleoplasm,Cytosol",RTF1,ENSG00000137815,A-431,Q92541 H0YKX1
34028,-1.3094784,-3.1493356,6714_42_C12_2,0 25,"Nucleoplasm,Cytosol",RTF1,ENSG00000137815,A-431,Q92541 H0YKX1
34029,-1.3902866,-3.0908816,6714_43_C12_1,0 25,"Nucleoplasm,Cytosol",RTF1,ENSG00000137815,U-251 MG,Q92541 H0YKX1
34030,-0.5313486,-5.1479964,6714_43_C12_2,0 25,"Nucleoplasm,Cytosol",RTF1,ENSG00000137815,U-251 MG,Q92541 H0YKX1
34069,-0.03946728,0.21443231,660_11_D10_1,0 25,"Nucleoplasm,Cytosol",VRK1,ENSG00000100749,A-431,Q99986 H0YJ50 H0YJF7 H0YJJ9
34070,-0.007633601,0.22106221,660_11_D10_2,0 25,"Nucleoplasm,Cytosol",VRK1,ENSG00000100749,A-431,Q99986 H0YJ50 H0YJF7 H0YJJ9
37934,4.6323023,-1.3336223,31765_371_E10_1,0 6,"Nucleoplasm,ER",ZMYM2,ENSG00000121741,U-2 OS,Q9UBW7 A0A087X151
37937,5.3847327,1.8033608,31765_374_E10_2,0 6,"Nucleoplasm,ER",ZMYM2,ENSG00000121741,A-431,Q9UBW7 A0A087X151
37940,4.9905386,1.5346094,31765_374_E10_1,0 6,"Nucleoplasm,ER",ZMYM2,ENSG00000121741,A-431,Q9UBW7 A0A087X151
37947,5.3281355,1.704676,31765_371_E10_2,0 6,"Nucleoplasm,ER",ZMYM2,ENSG00000121741,U-2 OS,Q9UBW7 A0A087X151
38188,-7.413606,0.87941575,31189_402_H7_2,4 7,"N. speckles,Golgi app.",SART1,ENSG00000175467,U-2 OS,O43290 E9PQI8
38190,1.5426104,-2.2706478,31189_405_H7_1,4 7,"N. speckles,Golgi app.",SART1,ENSG00000175467,A-431,O43290 E9PQI8
38207,-7.57652,0.7468798,31189_402_H7_1,4 7,"N. speckles,Golgi app.",SART1,ENSG00000175467,U-2 OS,O43290 E9PQI8
38220,1.6309876,-2.322584,31189_409_H7_2,4 7,"N. speckles,Golgi app.",SART1,ENSG00000175467,U-251 MG,O43290 E9PQI8
38222,0.34032282,-1.5689759,31190_409_A7_2,4 7,"N. speckles,Golgi app.",SART1,ENSG00000175467,U-251 MG,O43290 E9PQI8
38227,0.55523956,-1.5693512,31190_409_A7_1,4 7,"N. speckles,Golgi app.",SART1,ENSG00000175467,U-251 MG,O43290 E9PQI8
38228,0.7333856,-1.7760969,31190_405_A7_2,4 7,"N. speckles,Golgi app.",SART1,ENSG00000175467,A-431,O43290 E9PQI8
38229,0.82777125,-1.7786764,31190_405_A7_1,4 7,"N. speckles,Golgi app.",SART1,ENSG00000175467,A-431,O43290 E9PQI8
38230,0.39151573,-1.7108611,31190_402_A7_2,4 7,"N. speckles,Golgi app.",SART1,ENSG00000175467,U-2 OS,O43290 E9PQI8
38233,0.39531156,-1.7763686,31190_402_A7_1,4 7,"N. speckles,Golgi app.",SART1,ENSG00000175467,U-2 OS,O43290 E9PQI8
38238,1.6214437,-2.3312194,31189_409_H7_1,4 7,"N. speckles,Golgi app.",SART1,ENSG00000175467,U-251 MG,O43290 E9PQI8
38239,1.472053,-2.2460773,31189_405_H7_2,4 7,"N. speckles,Golgi app.",SART1,ENSG00000175467,A-431,O43290 E9PQI8
39214,3.7648892,-6.449426,29621_405_B2_1,0 1,"Nucleoplasm,N. membrane",PHF20,ENSG00000025293,A-431,Q9BVI0 B0QYY0 B0QZ19 F8WCQ1 Q5JWZ0 Q5JXL1
39215,-3.6511955,-2.8588285,60277_1227_D4_2,0 5,"Nucleoplasm,N. bodies",ELF4,ENSG00000102034,A-431,Q99607 A0A087WU18 B1AL80
39217,-3.377655,-1.4686434,60277_1227_D4_4,0 5,"Nucleoplasm,N. bodies",ELF4,ENSG00000102034,A-431,Q99607 A0A087WU18 B1AL80
39218,3.7203996,-6.401174,29621_405_B2_2,0 1,"Nucleoplasm,N. membrane",PHF20,ENSG00000025293,A-431,Q9BVI0 B0QYY0 B0QZ19 F8WCQ1 Q5JWZ0 Q5JXL1
39219,3.6480517,-6.2972975,29621_409_B2_1,0 1,"Nucleoplasm,N. membrane",PHF20,ENSG00000025293,U-251 MG,Q9BVI0 B0QYY0 B0QZ19 F8WCQ1 Q5JWZ0 Q5JXL1
39220,3.6336656,-6.3086414,29621_409_B2_2,0 1,"Nucleoplasm,N. membrane",PHF20,ENSG00000025293,U-251 MG,Q9BVI0 B0QYY0 B0QZ19 F8WCQ1 Q5JWZ0 Q5JXL1
39233,-4.26882,-3.1937423,23605_1210_G6_4,0 5,"Nucleoplasm,N. bodies",UBE2O,ENSG00000175931,PC-3,Q9C0C9 K7EQ12 K7ES11
39234,-6.203274,0.17604554,23605_1210_G6_2,0 5,"Nucleoplasm,N. bodies",UBE2O,ENSG00000175931,PC-3,Q9C0C9 K7EQ12 K7ES11
39778,0.34820887,-1.5269186,76065_1680_H7_6,0 7,"Nucleoplasm,Golgi app.",ZC3H6,ENSG00000188177,SH-SY5Y,P61129
39782,0.32554007,-1.4811083,76065_1680_H7_4,0 7,"Nucleoplasm,Golgi app.",ZC3H6,ENSG00000188177,SH-SY5Y,P61129
39787,0.518322,-1.4752973,76065_1709_E2_18_cr5804823290d53,0 7,"Nucleoplasm,Golgi app.",ZC3H6,ENSG00000188177,U-2 OS,P61129
39789,-2.0167763,-1.7227594,76065_1709_E2_22_cr5804823eda3b1,0 7,"Nucleoplasm,Golgi app.",ZC3H6,ENSG00000188177,U-2 OS,P61129
40330,-5.078517,-0.96849555,15809_1363_E2_2,0 4,"Nucleoplasm,N. speckles",CHD5,ENSG00000116254,MCF7,Q8TDI0 F2Z2R5 F6T542 K7EMC0 K7EMY3 K7ESA5
40349,-6.393676,0.09181241,15809_1363_E2_3,0 4,"Nucleoplasm,N. speckles",CHD5,ENSG00000116254,MCF7,Q8TDI0 F2Z2R5 F6T542 K7EMC0 K7EMY3 K7ESA5
41624,-4.890963,-3.4056265,64684_1152_C9_1,0 5,"Nucleoplasm,N. bodies",ATRX,ENSG00000085224,RH-30,P46100 A0A087WWG0 A0A096LNL6 A0A096LNL7 A0A096LNL9 A0A096LNN3 A0A096LNR8 A0A096LNW1 A0A096LNX6 A0A096LP59 A0A096LPG6 A0A6Q8PHA4 H0Y3T0
41625,-4.845384,-3.3929043,64684_1152_C9_2,0 5,"Nucleoplasm,N. bodies",ATRX,ENSG00000085224,RH-30,P46100 A0A087WWG0 A0A096LNL6 A0A096LNL7 A0A096LNL9 A0A096LNN3 A0A096LNR8 A0A096LNW1 A0A096LNX6 A0A096LP59 A0A096LPG6 A0A6Q8PHA4 H0Y3T0
41836,-3.5769444,-3.3043833,71297_1543_F12_1,0 5,"Nucleoplasm,N. bodies",ERCC6,ENSG00000225830,U-2 OS,P0DP91 Q03468 A0A096LNQ7 D6R9X7
41861,-2.5692723,-2.083366,71297_1543_F12_2,0 5,"Nucleoplasm,N. bodies",ERCC6,ENSG00000225830,U-2 OS,P0DP91 Q03468 A0A096LNQ7 D6R9X7
41924,-1.2335695,-4.6618366,17929_116_B1_1,0 2,"Nucleoplasm,Nucleoli",VRK1,ENSG00000100749,A-431,Q99986 H0YJ50 H0YJF7 H0YJJ9
41943,-1.4762148,-4.0058255,17929_116_B1_2,0 2,"Nucleoplasm,Nucleoli",VRK1,ENSG00000100749,A-431,Q99986 H0YJ50 H0YJF7 H0YJJ9
42593,-1.6331022,4.401787,45828_777_F6_1,0 5,"Nucleoplasm,N. bodies",ERCC4,ENSG00000175595,U-2 OS,Q92889 I3L4K0 I3NI48
42594,-1.6386113,4.2731237,45828_777_F6_2,0 5,"Nucleoplasm,N. bodies",ERCC4,ENSG00000175595,U-2 OS,Q92889 I3L4K0 I3NI48
43195,-2.7806234,-2.4626775,38800_899_D12_1,0 5,"Nucleoplasm,N. bodies",TCF7L2,ENSG00000148737,A-431,Q9NQB0 A0A0A0MTL7 A0A0D9SGH8 A0A1B0GU84 A0A1B0GUV5 A0A1B0GVE1 C6ZRJ6 C6ZRJ7 C6ZRK5 E2GH26 H0YEE5 Q5JRY3 Q5JRY4 Q5JRY5 Q5VVR5 Q5VVR7 Q5VVR8
43274,-3.7770126,-1.3725873,38800_899_D12_2,0 5,"Nucleoplasm,N. bodies",TCF7L2,ENSG00000148737,A-431,Q9NQB0 A0A0A0MTL7 A0A0D9SGH8 A0A1B0GU84 A0A1B0GUV5 A0A1B0GVE1 C6ZRJ6 C6ZRJ7 C6ZRK5 E2GH26 H0YEE5 Q5JRY3 Q5JRY4 Q5JRY5 Q5VVR5 Q5VVR7 Q5VVR8
44774,-4.4613056,-3.6082852,41417_1608_B11_4,0 5,"Nucleoplasm,N. bodies",INO80,ENSG00000128908,HaCaT,Q9ULG1 A0A087X0U7 H0YKH3 H0YMN5 H0YNL3
44775,-4.5514936,-3.6458619,41417_1608_B11_5,0 5,"Nucleoplasm,N. bodies",INO80,ENSG00000128908,HaCaT,Q9ULG1 A0A087X0U7 H0YKH3 H0YMN5 H0YNL3
44776,-1.873579,-0.20911106,41417_1640_D3_1,0 5,"Nucleoplasm,N. bodies",INO80,ENSG00000128908,RT4,Q9ULG1 A0A087X0U7 H0YKH3 H0YMN5 H0YNL3
44777,-3.6493115,-3.3076324,41417_1640_D3_2,0 5,"Nucleoplasm,N. bodies",INO80,ENSG00000128908,RT4,Q9ULG1 A0A087X0U7 H0YKH3 H0YMN5 H0YNL3
45115,-4.729081,-3.9608028,41484_1640_E3_2,0 5,"Nucleoplasm,N. bodies",INO80,ENSG00000128908,RT4,Q9ULG1 A0A087X0U7 H0YKH3 H0YMN5 H0YNL3
45116,-4.1308794,-3.3981326,41484_1640_E3_3,0 5,"Nucleoplasm,N. bodies",INO80,ENSG00000128908,RT4,Q9ULG1 A0A087X0U7 H0YKH3 H0YMN5 H0YNL3
46180,3.2281408,2.4924223,17578_168_H6_2,25,Cytosol,ABCF1,ENSG00000204574,U-2 OS,Q8NE71 F5GYK6 H0YGW7 Q5STZ8
46181,3.5227365,2.7133062,17578_168_H6_1,25,Cytosol,ABCF1,ENSG00000204574,U-2 OS,Q8NE71 F5GYK6 H0YGW7 Q5STZ8
46190,3.4979718,2.5826085,17578_140_H6_2,25,Cytosol,ABCF1,ENSG00000204574,U-251 MG,Q8NE71 F5GYK6 H0YGW7 Q5STZ8
46191,3.0697305,2.4054813,17578_140_H6_1,25,Cytosol,ABCF1,ENSG00000204574,U-251 MG,Q8NE71 F5GYK6 H0YGW7 Q5STZ8
46200,3.3253102,2.5353663,17578_173_H6_1,25,Cytosol,ABCF1,ENSG00000204574,A-431,Q8NE71 F5GYK6 H0YGW7 Q5STZ8
46201,3.3803244,2.6080368,17578_173_H6_2,25,Cytosol,ABCF1,ENSG00000204574,A-431,Q8NE71 F5GYK6 H0YGW7 Q5STZ8
48796,2.753991,4.1926928,12428_617_F4_2,25,Cytosol,PA2G4,ENSG00000170515,A-431,Q9UQ80 F8VR77 F8VZ69 F8W0A3
48797,2.774515,4.227777,12428_617_F4_1,25,Cytosol,PA2G4,ENSG00000170515,A-431,Q9UQ80 F8VR77 F8VZ69 F8W0A3
48798,2.9582458,4.7153482,12428_613_F4_2,25,Cytosol,PA2G4,ENSG00000170515,U-2 OS,Q9UQ80 F8VR77 F8VZ69 F8W0A3
48799,2.9401102,4.6217127,12428_613_F4_1,25,Cytosol,PA2G4,ENSG00000170515,U-2 OS,Q9UQ80 F8VR77 F8VZ69 F8W0A3
48800,2.9653072,4.568065,12428_610_F4_2,25,Cytosol,PA2G4,ENSG00000170515,U-251 MG,Q9UQ80 F8VR77 F8VZ69 F8W0A3
48801,2.8933477,4.4319286,12428_610_F4_1,25,Cytosol,PA2G4,ENSG00000170515,U-251 MG,Q9UQ80 F8VR77 F8VZ69 F8W0A3
48996,1.292035,1.3269719,11711_640_D3_2,25,Cytosol,PA2G4,ENSG00000170515,A-431,Q9UQ80 F8VR77 F8VZ69 F8W0A3
48997,1.3599938,1.4265146,11711_640_D3_1,25,Cytosol,PA2G4,ENSG00000170515,A-431,Q9UQ80 F8VR77 F8VZ69 F8W0A3
50846,1.3436947,1.5305068,50778_760_C7_2,25,Cytosol,RP9,ENSG00000164610,U-2 OS,Q8TA86 C9J6V2
50847,4.3114967,-0.10441401,50778_760_C7_1,25,Cytosol,RP9,ENSG00000164610,U-2 OS,Q8TA86 C9J6V2
51046,1.6880938,1.9781709,4226_669_B2_1,25,Cytosol,EIF5,ENSG00000100664,U-2 OS,P55010 H0YK11 H0YK29 H0YLZ1 H0YM54 H0YMJ8 H0YN40
51055,2.356947,2.3347173,4226_671_B2_3,25,Cytosol,EIF5,ENSG00000100664,A-431,P55010 H0YK11 H0YK29 H0YLZ1 H0YM54 H0YMJ8 H0YN40
51056,2.3223753,2.3241682,4226_671_B2_2,25,Cytosol,EIF5,ENSG00000100664,A-431,P55010 H0YK11 H0YK29 H0YLZ1 H0YM54 H0YMJ8 H0YN40
51057,1.8370744,2.1255956,4226_669_B2_2,25,Cytosol,EIF5,ENSG00000100664,U-2 OS,P55010 H0YK11 H0YK29 H0YLZ1 H0YM54 H0YMJ8 H0YN40
51058,2.1727722,2.0435257,4226_666_B2_3,25,Cytosol,EIF5,ENSG00000100664,U-251 MG,P55010 H0YK11 H0YK29 H0YLZ1 H0YM54 H0YMJ8 H0YN40
51060,2.3363035,2.0306358,4226_666_B2_1,25,Cytosol,EIF5,ENSG00000100664,U-251 MG,P55010 H0YK11 H0YK29 H0YLZ1 H0YM54 H0YMJ8 H0YN40
52120,3.4511905,2.8551152,74408_1641_F9_3,25,Cytosol,AP3D1,ENSG00000065000,RT4,O14617 A0A087WYN6 A0A2R8Y4J3 A0A2R8Y611 A0A2R8YCY8 K7ELX8 K7ERW8
52121,3.4882956,2.8400662,74408_1641_F9_2,25,Cytosol,AP3D1,ENSG00000065000,RT4,O14617 A0A087WYN6 A0A2R8Y4J3 A0A2R8Y611 A0A2R8YCY8 K7ELX8 K7ERW8
52122,2.9023314,2.5137234,74408_1615_G7_3,25,Cytosol,AP3D1,ENSG00000065000,U-2 OS,O14617 A0A087WYN6 A0A2R8Y4J3 A0A2R8Y611 A0A2R8YCY8 K7ELX8 K7ERW8
52123,3.0077705,2.8059413,74408_1615_G7_2,25,Cytosol,AP3D1,ENSG00000065000,U-2 OS,O14617 A0A087WYN6 A0A2R8Y4J3 A0A2R8Y611 A0A2R8YCY8 K7ELX8 K7ERW8
52124,3.2328043,2.8770883,74408_1605_G7_3,25,Cytosol,AP3D1,ENSG00000065000,MCF7,O14617 A0A087WYN6 A0A2R8Y4J3 A0A2R8Y611 A0A2R8YCY8 K7ELX8 K7ERW8
52125,3.367343,2.6368797,74408_1605_G7_2,25,Cytosol,AP3D1,ENSG00000065000,MCF7,O14617 A0A087WYN6 A0A2R8Y4J3 A0A2R8Y611 A0A2R8YCY8 K7ELX8 K7ERW8
52426,2.8928473,2.0707493,867_11_E11_2,25,Cytosol,EIF5,ENSG00000100664,A-431,P55010 H0YK11 H0YK29 H0YLZ1 H0YM54 H0YMJ8 H0YN40
52427,2.3088129,2.1962693,867_11_E11_1,25,Cytosol,EIF5,ENSG00000100664,A-431,P55010 H0YK11 H0YK29 H0YLZ1 H0YM54 H0YMJ8 H0YN40
54389,2.1103523,1.5789765,2697_32_D10_2,25,Cytosol,SSRP1,ENSG00000149136,U-2 OS,Q08945 A0A0U1RRK2 E9PMD4 E9PPZ7
54390,0.8727664,1.7515665,2697_32_D10_1,25,Cytosol,SSRP1,ENSG00000149136,U-2 OS,Q08945 A0A0U1RRK2 E9PMD4 E9PPZ7
56079,2.8135395,4.1548424,39892_560_H4_4,25,Cytosol,C11orf57,ENSG00000150776,A-431,Q6ZUT1 E9PKA8 E9PPH9 E9PQL5 E9PSC8
56080,2.830634,4.2921057,39892_560_H4_3,25,Cytosol,C11orf57,ENSG00000150776,A-431,Q6ZUT1 E9PKA8 E9PPH9 E9PQL5 E9PSC8
56081,2.1881294,1.5835996,39892_554_H4_2,25,Cytosol,C11orf57,ENSG00000150776,U-251 MG,Q6ZUT1 E9PKA8 E9PPH9 E9PQL5 E9PSC8
56082,2.2766325,1.5231384,39892_554_H4_1,25,Cytosol,C11orf57,ENSG00000150776,U-251 MG,Q6ZUT1 E9PKA8 E9PPH9 E9PQL5 E9PSC8
56083,1.9357582,1.3899896,39892_551_H4_2,25,Cytosol,C11orf57,ENSG00000150776,U-2 OS,Q6ZUT1 E9PKA8 E9PPH9 E9PQL5 E9PSC8
56084,2.1093745,1.325728,39892_551_H4_1,25,Cytosol,C11orf57,ENSG00000150776,U-2 OS,Q6ZUT1 E9PKA8 E9PPH9 E9PQL5 E9PSC8
56171,2.864553,2.1869538,40095_964_B1_2,25,Cytosol,EIF5B,ENSG00000158417,MCF7,O60841 A0A087WUT6
56172,3.3350806,2.9068825,40095_964_B1_1,25,Cytosol,EIF5B,ENSG00000158417,MCF7,O60841 A0A087WUT6
56173,3.295781,2.7600477,40095_804_B1_3,25,Cytosol,EIF5B,ENSG00000158417,HEK 293,O60841 A0A087WUT6
56174,3.5939343,2.9426737,40095_804_B1_2,25,Cytosol,EIF5B,ENSG00000158417,HEK 293,O60841 A0A087WUT6
64486,-1.1474802,5.2306733,66647_1255_G9_1,22,C. Junctions,PKP4,ENSG00000144283,CACO-2,Q99569 A0A0D9SF60 E7EMY7 E7EP40 E7EST6 E9PHJ1 H0YFB1
64487,-1.5195587,5.4190083,66647_1255_G9_2,22,C. Junctions,PKP4,ENSG00000144283,CACO-2,Q99569 A0A0D9SF60 E7EMY7 E7EP40 E7EST6 E9PHJ1 H0YFB1
64488,-1.1192862,5.3417277,66647_1294_D12_1,22,C. Junctions,PKP4,ENSG00000144283,Hep G2,Q99569 A0A0D9SF60 E7EMY7 E7EP40 E7EST6 E9PHJ1 H0YFB1
64663,-0.97976404,5.2807255,66647_1294_D12_2,22,C. Junctions,PKP4,ENSG00000144283,Hep G2,Q99569 A0A0D9SF60 E7EMY7 E7EP40 E7EST6 E9PHJ1 H0YFB1
64708,-1.4440503,5.4751134,70648_1410_F8_2,22,C. Junctions,PKP4,ENSG00000144283,Hep G2,Q99569 A0A0D9SF60 E7EMY7 E7EP40 E7EST6 E9PHJ1 H0YFB1
64716,-1.408058,5.453917,70648_1410_F8_4,22,C. Junctions,PKP4,ENSG00000144283,Hep G2,Q99569 A0A0D9SF60 E7EMY7 E7EP40 E7EST6 E9PHJ1 H0YFB1
67358,3.7537253,6.8183856,52397_1524_B4_2,14,Microtubules,TTLL6,ENSG00000170703,CACO-2,Q8N841 F6QD81 F8W896 F8W9N0 F8WDP8
67367,3.8303754,6.880025,52397_1524_B4_1,14,Microtubules,TTLL6,ENSG00000170703,CACO-2,Q8N841 F6QD81 F8W896 F8W9N0 F8WDP8
67369,3.4204433,7.0784287,52397_1312_A9_6,14,Microtubules,TTLL6,ENSG00000170703,U-2 OS,Q8N841 F6QD81 F8W896 F8W9N0 F8WDP8
67370,3.8476663,6.835765,52397_1312_A9_1,14,Microtubules,TTLL6,ENSG00000170703,U-2 OS,Q8N841 F6QD81 F8W896 F8W9N0 F8WDP8
68492,-1.9006921,-3.1320312,23605_1132_D5_2,0,Nucleoplasm,UBE2O,ENSG00000175931,U-2 OS,Q9C0C9 K7EQ12 K7ES11
68493,-1.8734761,-3.390272,23605_1132_D5_3,0,Nucleoplasm,UBE2O,ENSG00000175931,U-2 OS,Q9C0C9 K7EQ12 K7ES11
68871,-4.822002,-1.7408769,2162_665_H1_1,0,Nucleoplasm,MCM3,ENSG00000112118,U-251 MG,P25205 A0A499FHX9 J3KQ69 Q7Z6P5
68872,-5.0491185,-1.7390014,2162_665_H1_2,0,Nucleoplasm,MCM3,ENSG00000112118,U-251 MG,P25205 A0A499FHX9 J3KQ69 Q7Z6P5
68873,-4.524717,-1.8259718,2162_668_H1_1,0,Nucleoplasm,MCM3,ENSG00000112118,U-2 OS,P25205 A0A499FHX9 J3KQ69 Q7Z6P5
68874,-4.721963,-1.8107615,2162_668_H1_2,0,Nucleoplasm,MCM3,ENSG00000112118,U-2 OS,P25205 A0A499FHX9 J3KQ69 Q7Z6P5
68875,-5.152723,-1.6882654,2162_674_H1_1,0,Nucleoplasm,MCM3,ENSG00000112118,A-431,P25205 A0A499FHX9 J3KQ69 Q7Z6P5
68876,-5.391963,-1.6724045,2162_674_H1_2,0,Nucleoplasm,MCM3,ENSG00000112118,A-431,P25205 A0A499FHX9 J3KQ69 Q7Z6P5
69669,-3.8147943,-0.97249424,29620_369_D3_1,0,Nucleoplasm,PHF20,ENSG00000025293,A-431,Q9BVI0 B0QYY0 B0QZ19 F8WCQ1 Q5JWZ0 Q5JXL1
69670,-3.6948562,-1.0282108,29620_369_D3_2,0,Nucleoplasm,PHF20,ENSG00000025293,A-431,Q9BVI0 B0QYY0 B0QZ19 F8WCQ1 Q5JWZ0 Q5JXL1
69671,-3.058241,-0.8008686,29621_402_B2_1,0,Nucleoplasm,PHF20,ENSG00000025293,U-2 OS,Q9BVI0 B0QYY0 B0QZ19 F8WCQ1 Q5JWZ0 Q5JXL1
69672,-2.9761481,-0.85118496,29621_402_B2_2,0,Nucleoplasm,PHF20,ENSG00000025293,U-2 OS,Q9BVI0 B0QYY0 B0QZ19 F8WCQ1 Q5JWZ0 Q5JXL1
71370,-1.0894356,-1.3061243,17929_115_B1_1,0,Nucleoplasm,VRK1,ENSG00000100749,U-251 MG,Q99986 H0YJ50 H0YJF7 H0YJJ9
71371,-1.2186723,-2.917545,17929_115_B1_2,0,Nucleoplasm,VRK1,ENSG00000100749,U-251 MG,Q99986 H0YJ50 H0YJF7 H0YJJ9
71372,-1.9710459,-2.5531256,17929_117_B1_1,0,Nucleoplasm,VRK1,ENSG00000100749,U-2 OS,Q99986 H0YJ50 H0YJF7 H0YJJ9
71373,-1.4474661,-3.5371106,17929_117_B1_2,0,Nucleoplasm,VRK1,ENSG00000100749,U-2 OS,Q99986 H0YJ50 H0YJF7 H0YJJ9
71462,-3.0494545,-1.2966357,20122_221_H6_1,0,Nucleoplasm,UBN2,ENSG00000157741,U-251 MG,Q6ZU65 C9J6Y5 H7C4P8
71463,-2.47769,-1.4889686,20122_221_H6_2,0,Nucleoplasm,UBN2,ENSG00000157741,U-251 MG,Q6ZU65 C9J6Y5 H7C4P8
71464,-2.5760832,-1.9333395,20122_222_H6_1,0,Nucleoplasm,UBN2,ENSG00000157741,A-431,Q6ZU65 C9J6Y5 H7C4P8
71465,-2.5657787,-1.8328862,20122_222_H6_2,0,Nucleoplasm,UBN2,ENSG00000157741,A-431,Q6ZU65 C9J6Y5 H7C4P8
71466,2.276074,7.554625,20122_248_H6_1,0,Nucleoplasm,UBN2,ENSG00000157741,U-2 OS,Q6ZU65 C9J6Y5 H7C4P8
71467,-2.2797978,-1.3137666,20122_248_H6_2,0,Nucleoplasm,UBN2,ENSG00000157741,U-2 OS,Q6ZU65 C9J6Y5 H7C4P8
71716,-3.3986928,-1.6191717,156_659_A9_1,0,Nucleoplasm,ERCC4,ENSG00000175595,A-431,Q92889 I3L4K0 I3NI48
71717,-3.4553792,-1.7259598,156_659_A9_2,0,Nucleoplasm,ERCC4,ENSG00000175595,A-431,Q92889 I3L4K0 I3NI48
72617,-3.426269,-1.384545,41593_813_G6_2,0,Nucleoplasm,ANKRD11,ENSG00000167522,A-431,Q6UB99 A0A087WTN8 A0A2R8Y438 A0A2R8Y4T9 A0A2R8Y5V1 A0A2R8Y728 A0A2R8Y7Z1 A0A2R8YE03 A0A2R8YE94 A0A2R8YEI0 H0Y2U4 H0Y3E3 H3BNU4 X5D778
72644,-2.8708918,-1.4910836,41593_813_G6_1,0,Nucleoplasm,ANKRD11,ENSG00000167522,A-431,Q6UB99 A0A087WTN8 A0A2R8Y438 A0A2R8Y4T9 A0A2R8Y5V1 A0A2R8Y728 A0A2R8Y7Z1 A0A2R8YE03 A0A2R8YE94 A0A2R8YEI0 H0Y2U4 H0Y3E3 H3BNU4 X5D778
72646,-2.421325,-1.588674,41593_758_G6_2,0,Nucleoplasm,ANKRD11,ENSG00000167522,U-2 OS,Q6UB99 A0A087WTN8 A0A2R8Y438 A0A2R8Y4T9 A0A2R8Y5V1 A0A2R8Y728 A0A2R8Y7Z1 A0A2R8YE03 A0A2R8YE94 A0A2R8YEI0 H0Y2U4 H0Y3E3 H3BNU4 X5D778
72651,-2.7274075,-1.933577,41484_1664_C11_1,0,Nucleoplasm,INO80,ENSG00000128908,U-2 OS,Q9ULG1 A0A087X0U7 H0YKH3 H0YMN5 H0YNL3
72652,-3.9617846,-2.72569,41484_1664_C11_3,0,Nucleoplasm,INO80,ENSG00000128908,U-2 OS,Q9ULG1 A0A087X0U7 H0YKH3 H0YMN5 H0YNL3
72671,-1.8817916,-1.6332453,41593_758_G6_1,0,Nucleoplasm,ANKRD11,ENSG00000167522,U-2 OS,Q6UB99 A0A087WTN8 A0A2R8Y438 A0A2R8Y4T9 A0A2R8Y5V1 A0A2R8Y728 A0A2R8Y7Z1 A0A2R8YE03 A0A2R8YE94 A0A2R8YEI0 H0Y2U4 H0Y3E3 H3BNU4 X5D778
72676,-2.5125387,-1.4137355,40834_557_G4_2,0,Nucleoplasm,NIPBL,ENSG00000164190,A-431,Q6KC79 A0A590UJS4 H0Y8M3
72702,-2.832444,-1.3772835,40834_557_G4_1,0,Nucleoplasm,NIPBL,ENSG00000164190,A-431,Q6KC79 A0A590UJS4 H0Y8M3
72703,-1.850154,-1.6073675,40834_1179_D8_2,0,Nucleoplasm,NIPBL,ENSG00000164190,SiHa,Q6KC79 A0A590UJS4 H0Y8M3
72704,-2.235811,-1.2917103,40834_1179_D8_1,0,Nucleoplasm,NIPBL,ENSG00000164190,SiHa,Q6KC79 A0A590UJS4 H0Y8M3
72901,-5.0745587,-0.4403404,42816_486_H3_1,0,Nucleoplasm,BRD2,ENSG00000204256,A-431,P25440 E9PIQ3 E9PKQ9 H0Y6K2 H0Y799 H0YDJ7 J3QR72 U3KPW0 U3KQA6
72902,-5.413714,-0.2525866,42816_486_H3_2,0,Nucleoplasm,BRD2,ENSG00000204256,A-431,P25440 E9PIQ3 E9PKQ9 H0Y6K2 H0Y799 H0YDJ7 J3QR72 U3KPW0 U3KQA6
73188,-2.860438,-1.7453703,47050_723_G5_1,0,Nucleoplasm,NRDE2,ENSG00000119720,MCF7,Q9H7Z3 G3V338 H0YJT0 H0YJT6
73189,-2.4851155,-2.0553648,47050_723_G5_2,0,Nucleoplasm,NRDE2,ENSG00000119720,MCF7,Q9H7Z3 G3V338 H0YJT0 H0YJT6
73573,-2.7122905,-2.0524473,45828_790_F6_1,0,Nucleoplasm,ERCC4,ENSG00000175595,U-251 MG,Q92889 I3L4K0 I3NI48
73574,-3.0260909,-1.8747131,45828_790_F6_2,0,Nucleoplasm,ERCC4,ENSG00000175595,U-251 MG,Q92889 I3L4K0 I3NI48
74245,-3.74216,-0.78218293,36152_593_G8_1,0,Nucleoplasm,SFMBT1,ENSG00000163935,A-431,Q9UHJ3 C9IY64 C9IZZ5 C9JWI3
74246,-3.742151,-0.9435189,36152_593_G8_2,0,Nucleoplasm,SFMBT1,ENSG00000163935,A-431,Q9UHJ3 C9IY64 C9IZZ5 C9JWI3
74247,-1.2371867,1.7270931,36152_594_G8_1,0,Nucleoplasm,SFMBT1,ENSG00000163935,U-251 MG,Q9UHJ3 C9IY64 C9IZZ5 C9JWI3
74248,-2.1837373,0.18747869,36152_594_G8_2,0,Nucleoplasm,SFMBT1,ENSG00000163935,U-251 MG,Q9UHJ3 C9IY64 C9IZZ5 C9JWI3
74376,-3.6232624,-1.0503469,35907_404_G8_1,0,Nucleoplasm,SLU7,ENSG00000164609,U-251 MG,O95391 A0A0C4DGD2 E5RGM7 E5RK41
74377,-0.38018048,-1.6696626,35907_404_G8_2,0,Nucleoplasm,SLU7,ENSG00000164609,U-251 MG,O95391 A0A0C4DGD2 E5RGM7 E5RK41
74378,-3.724153,-1.022527,35907_407_G8_1,0,Nucleoplasm,SLU7,ENSG00000164609,A-431,O95391 A0A0C4DGD2 E5RGM7 E5RK41
74379,-3.539375,-1.2290452,35907_407_G8_2,0,Nucleoplasm,SLU7,ENSG00000164609,A-431,O95391 A0A0C4DGD2 E5RGM7 E5RK41
75034,-2.8714044,-1.6713761,38800_776_D12_1,0,Nucleoplasm,TCF7L2,ENSG00000148737,U-2 OS,Q9NQB0 A0A0A0MTL7 A0A0D9SGH8 A0A1B0GU84 A0A1B0GUV5 A0A1B0GVE1 C6ZRJ6 C6ZRJ7 C6ZRK5 E2GH26 H0YEE5 Q5JRY3 Q5JRY4 Q5JRY5 Q5VVR5 Q5VVR7 Q5VVR8
75035,-2.71824,-1.8373185,38800_776_D12_2,0,Nucleoplasm,TCF7L2,ENSG00000148737,U-2 OS,Q9NQB0 A0A0A0MTL7 A0A0D9SGH8 A0A1B0GU84 A0A1B0GUV5 A0A1B0GVE1 C6ZRJ6 C6ZRJ7 C6ZRK5 E2GH26 H0YEE5 Q5JRY3 Q5JRY4 Q5JRY5 Q5VVR5 Q5VVR7 Q5VVR8
75138,-3.5317016,2.8883111,40505_415_B11_1,0,Nucleoplasm,FERMT2,ENSG00000073712,A-431,Q96AC1 A0A0U1RRM8 G3V281 G3V379 G3V3J0 G3V5R2 H0YJ34 H0YJB6
75139,-3.4867964,2.8272073,40505_415_B11_2,0,Nucleoplasm,FERMT2,ENSG00000073712,A-431,Q96AC1 A0A0U1RRM8 G3V281 G3V379 G3V3J0 G3V5R2 H0YJ34 H0YJB6
83468,-7.9209075,0.8036214,23535_215_E9_1,4,N. speckles,SON,ENSG00000159140,U-251 MG,P18583 H7C1M2 H7C1S4 H7C257 H7C2G8 J3QSZ5
83469,-7.8391194,0.8105974,23535_215_E9_2,4,N. speckles,SON,ENSG00000159140,U-251 MG,P18583 H7C1M2 H7C1S4 H7C257 H7C2G8 J3QSZ5
83470,-7.921818,0.7831272,23535_216_E9_1,4,N. speckles,SON,ENSG00000159140,A-431,P18583 H7C1M2 H7C1S4 H7C257 H7C2G8 J3QSZ5
83471,-7.8442917,0.8349952,23535_216_E9_2,4,N. speckles,SON,ENSG00000159140,A-431,P18583 H7C1M2 H7C1S4 H7C257 H7C2G8 J3QSZ5
83472,-7.687186,0.91518223,23535_217_E9_1,4,N. speckles,SON,ENSG00000159140,U-2 OS,P18583 H7C1M2 H7C1S4 H7C257 H7C2G8 J3QSZ5
83502,-7.623937,0.9371168,23535_217_E9_2,4,N. speckles,SON,ENSG00000159140,U-2 OS,P18583 H7C1M2 H7C1S4 H7C257 H7C2G8 J3QSZ5
83639,-7.895603,0.7739964,38273_422_H4_1,4,N. speckles,PRPF40A,ENSG00000196504,U-2 OS,O75400 A0A7N4I394 F5H578 H0YG38 H7BXZ7 H7C2N3
83640,-7.8985114,0.6865098,38273_422_H4_2,4,N. speckles,PRPF40A,ENSG00000196504,U-2 OS,O75400 A0A7N4I394 F5H578 H0YG38 H7BXZ7 H7C2N3
83641,-7.723895,0.7482053,38273_423_H4_1,4,N. speckles,PRPF40A,ENSG00000196504,A-431,O75400 A0A7N4I394 F5H578 H0YG38 H7BXZ7 H7C2N3
83642,-7.812632,0.7744046,38273_423_H4_2,4,N. speckles,PRPF40A,ENSG00000196504,A-431,O75400 A0A7N4I394 F5H578 H0YG38 H7BXZ7 H7C2N3
83643,-7.8300934,0.7808865,38273_426_H4_1,4,N. speckles,PRPF40A,ENSG00000196504,U-251 MG,O75400 A0A7N4I394 F5H578 H0YG38 H7BXZ7 H7C2N3
83644,-7.3505073,1.1323417,38273_426_H4_3,4,N. speckles,PRPF40A,ENSG00000196504,U-251 MG,O75400 A0A7N4I394 F5H578 H0YG38 H7BXZ7 H7C2N3
83681,-7.9049754,0.68036425,31755_845_H5_1,4,N. speckles,SON,ENSG00000159140,U-2 OS,P18583 H7C1M2 H7C1S4 H7C257 H7C2G8 J3QSZ5
83682,-7.9050074,0.69967073,31755_845_H5_2,4,N. speckles,SON,ENSG00000159140,U-2 OS,P18583 H7C1M2 H7C1S4 H7C257 H7C2G8 J3QSZ5
83683,-7.8247585,0.80806583,31756_776_E1_2,4,N. speckles,SON,ENSG00000159140,U-2 OS,P18583 H7C1M2 H7C1S4 H7C257 H7C2G8 J3QSZ5
83684,-7.8934636,0.79793936,31756_776_E1_4,4,N. speckles,SON,ENSG00000159140,U-2 OS,P18583 H7C1M2 H7C1S4 H7C257 H7C2G8 J3QSZ5
83685,-7.9059796,0.70779026,31756_789_E1_5,4,N. speckles,SON,ENSG00000159140,U-251 MG,P18583 H7C1M2 H7C1S4 H7C257 H7C2G8 J3QSZ5
83686,-7.875056,0.7932827,31756_789_E1_6,4,N. speckles,SON,ENSG00000159140,U-251 MG,P18583 H7C1M2 H7C1S4 H7C257 H7C2G8 J3QSZ5
83687,-7.8689113,0.68340844,31756_899_E1_1,4,N. speckles,SON,ENSG00000159140,A-431,P18583 H7C1M2 H7C1S4 H7C257 H7C2G8 J3QSZ5
83688,-7.819176,0.68608814,31756_899_E1_2,4,N. speckles,SON,ENSG00000159140,A-431,P18583 H7C1M2 H7C1S4 H7C257 H7C2G8 J3QSZ5
83707,-7.7313395,0.70186067,31755_800_H5_2,4,N. speckles,SON,ENSG00000159140,A-431,P18583 H7C1M2 H7C1S4 H7C257 H7C2G8 J3QSZ5
83708,-7.8049016,0.7838904,31755_800_H5_1,4,N. speckles,SON,ENSG00000159140,A-431,P18583 H7C1M2 H7C1S4 H7C257 H7C2G8 J3QSZ5
83709,-7.8991075,0.70184296,31755_793_H5_6,4,N. speckles,SON,ENSG00000159140,U-251 MG,P18583 H7C1M2 H7C1S4 H7C257 H7C2G8 J3QSZ5
83710,-7.9362288,0.7810082,31755_793_H5_5,4,N. speckles,SON,ENSG00000159140,U-251 MG,P18583 H7C1M2 H7C1S4 H7C257 H7C2G8 J3QSZ5
83716,-7.528236,0.55439645,31188_329_B12_1,4,N. speckles,SART1,ENSG00000175467,U-251 MG,O43290 E9PQI8
83717,-7.7342052,0.6816829,31188_329_B12_2,4,N. speckles,SART1,ENSG00000175467,U-251 MG,O43290 E9PQI8
83718,-7.558598,0.8399752,31188_332_B12_1,4,N. speckles,SART1,ENSG00000175467,U-2 OS,O43290 E9PQI8
83719,-7.353467,0.7178106,31188_332_B12_3,4,N. speckles,SART1,ENSG00000175467,U-2 OS,O43290 E9PQI8
83720,-7.621419,0.67943865,31188_334_B12_2,4,N. speckles,SART1,ENSG00000175467,A-431,O43290 E9PQI8
83721,-7.7909083,0.59059626,31188_334_B12_3,4,N. speckles,SART1,ENSG00000175467,A-431,O43290 E9PQI8
84348,-6.6560264,0.2682667,6314_7_C7_1,4,N. speckles,PARN,ENSG00000140694,U-2 OS,O95453 A0A494BZU6 A0A494BZW7 A0A494C002 A0A494C008 A0A494C0K5 A0A494C0N0 A0A494C0P9 A0A494C0Q2 A0A494C0Q6 A0A494C0W0 A0A494C156 A0A494C1G3 A0A494C1K5 A0A494C1N1 F5H1Z4 H3BRK1 H3BT23 H3BVG1
84349,-6.736026,0.33705622,6314_7_C7_2,4,N. speckles,PARN,ENSG00000140694,U-2 OS,O95453 A0A494BZU6 A0A494BZW7 A0A494C002 A0A494C008 A0A494C0K5 A0A494C0N0 A0A494C0P9 A0A494C0Q2 A0A494C0Q6 A0A494C0W0 A0A494C156 A0A494C1G3 A0A494C1K5 A0A494C1N1 F5H1Z4 H3BRK1 H3BT23 H3BVG1
84350,-6.571895,0.38955918,6314_8_C7_1,4,N. speckles,PARN,ENSG00000140694,A-431,O95453 A0A494BZU6 A0A494BZW7 A0A494C002 A0A494C008 A0A494C0K5 A0A494C0N0 A0A494C0P9 A0A494C0Q2 A0A494C0Q6 A0A494C0W0 A0A494C156 A0A494C1G3 A0A494C1K5 A0A494C1N1 F5H1Z4 H3BRK1 H3BT23 H3BVG1
84456,-5.8496184,0.11117323,58120_983_H11_1,4,N. speckles,SLU7,ENSG00000164609,U-2 OS,O95391 A0A0C4DGD2 E5RGM7 E5RK41
84457,-5.8197637,0.14647108,58120_983_H11_2,4,N. speckles,SLU7,ENSG00000164609,U-2 OS,O95391 A0A0C4DGD2 E5RGM7 E5RK41
84497,-6.169822,0.16655178,6314_8_C7_2,4,N. speckles,PARN,ENSG00000140694,A-431,O95453 A0A494BZU6 A0A494BZW7 A0A494C002 A0A494C008 A0A494C0K5 A0A494C0N0 A0A494C0P9 A0A494C0Q2 A0A494C0Q6 A0A494C0W0 A0A494C156 A0A494C1G3 A0A494C1K5 A0A494C1N1 F5H1Z4 H3BRK1 H3BT23 H3BVG1
84498,-6.844866,0.31972405,6314_9_C7_1,4,N. speckles,PARN,ENSG00000140694,U-251 MG,O95453 A0A494BZU6 A0A494BZW7 A0A494C002 A0A494C008 A0A494C0K5 A0A494C0N0 A0A494C0P9 A0A494C0Q2 A0A494C0Q6 A0A494C0W0 A0A494C156 A0A494C1G3 A0A494C1K5 A0A494C1N1 F5H1Z4 H3BRK1 H3BT23 H3BVG1
84499,-6.97045,0.22304504,6314_9_C7_2,4,N. speckles,PARN,ENSG00000140694,U-251 MG,O95453 A0A494BZU6 A0A494BZW7 A0A494C002 A0A494C008 A0A494C0K5 A0A494C0N0 A0A494C0P9 A0A494C0Q2 A0A494C0Q6 A0A494C0W0 A0A494C156 A0A494C1G3 A0A494C1K5 A0A494C1N1 F5H1Z4 H3BRK1 H3BT23 H3BVG1
84932,-6.9029455,0.37634805,42816_490_H3_1,4,N. speckles,BRD2,ENSG00000204256,U-2 OS,P25440 E9PIQ3 E9PKQ9 H0Y6K2 H0Y799 H0YDJ7 J3QR72 U3KPW0 U3KQA6
84933,-6.9839153,0.460142,42816_490_H3_2,4,N. speckles,BRD2,ENSG00000204256,U-2 OS,P25440 E9PIQ3 E9PKQ9 H0Y6K2 H0Y799 H0YDJ7 J3QR72 U3KPW0 U3KQA6
84934,-7.4952283,0.97627795,42816_509_H3_1,4,N. speckles,BRD2,ENSG00000204256,U-251 MG,P25440 E9PIQ3 E9PKQ9 H0Y6K2 H0Y799 H0YDJ7 J3QR72 U3KPW0 U3KQA6
84935,-7.1089168,0.77624,42816_509_H3_3,4,N. speckles,BRD2,ENSG00000204256,U-251 MG,P25440 E9PIQ3 E9PKQ9 H0Y6K2 H0Y799 H0YDJ7 J3QR72 U3KPW0 U3KQA6
85038,-7.46639,0.83286107,53727_986_C5_1,4,N. speckles,ZCCHC17,ENSG00000121766,PC-3,Q9NP64 A0A087WXF8 A0A087WXU5 A0A087WYF0 A0A087WYV3 A0A0D9SEW3
85039,-7.375959,0.97662276,53727_986_C5_2,4,N. speckles,ZCCHC17,ENSG00000121766,PC-3,Q9NP64 A0A087WXF8 A0A087WXU5 A0A087WYF0 A0A087WYV3 A0A0D9SEW3
85376,0.7131488,-4.7049484,11673_636_E1_1,2,Nucleoli,PARN,ENSG00000140694,U-251 MG,O95453 A0A494BZU6 A0A494BZW7 A0A494C002 A0A494C008 A0A494C0K5 A0A494C0N0 A0A494C0P9 A0A494C0Q2 A0A494C0Q6 A0A494C0W0 A0A494C156 A0A494C1G3 A0A494C1K5 A0A494C1N1 F5H1Z4 H3BRK1 H3BT23 H3BVG1
85377,0.95131785,-4.646134,11673_636_E1_3,2,Nucleoli,PARN,ENSG00000140694,U-251 MG,O95453 A0A494BZU6 A0A494BZW7 A0A494C002 A0A494C008 A0A494C0K5 A0A494C0N0 A0A494C0P9 A0A494C0Q2 A0A494C0Q6 A0A494C0W0 A0A494C156 A0A494C1G3 A0A494C1K5 A0A494C1N1 F5H1Z4 H3BRK1 H3BT23 H3BVG1
85378,0.62878114,-4.636932,11673_637_E1_1,2,Nucleoli,PARN,ENSG00000140694,U-2 OS,O95453 A0A494BZU6 A0A494BZW7 A0A494C002 A0A494C008 A0A494C0K5 A0A494C0N0 A0A494C0P9 A0A494C0Q2 A0A494C0Q6 A0A494C0W0 A0A494C156 A0A494C1G3 A0A494C1K5 A0A494C1N1 F5H1Z4 H3BRK1 H3BT23 H3BVG1
85407,0.7754158,-4.4379416,11673_637_E1_2,2,Nucleoli,PARN,ENSG00000140694,U-2 OS,O95453 A0A494BZU6 A0A494BZW7 A0A494C002 A0A494C008 A0A494C0K5 A0A494C0N0 A0A494C0P9 A0A494C0Q2 A0A494C0Q6 A0A494C0W0 A0A494C156 A0A494C1G3 A0A494C1K5 A0A494C1N1 F5H1Z4 H3BRK1 H3BT23 H3BVG1
86665,-0.02465715,-6.0083075,47087_625_D11_1,2,Nucleoli,DDX27,ENSG00000124228,A-431,Q96GQ7 A0A087WYH5 A0A087X059 B7Z6D5
86694,-0.010887604,-6.050773,47087_625_D11_2,2,Nucleoli,DDX27,ENSG00000124228,A-431,Q96GQ7 A0A087WYH5 A0A087X059 B7Z6D5
86696,-0.081706196,-5.45072,47087_629_D11_1,2,Nucleoli,DDX27,ENSG00000124228,U-251 MG,Q96GQ7 A0A087WYH5 A0A087X059 B7Z6D5
86697,0.023787448,-5.5888853,47087_629_D11_2,2,Nucleoli,DDX27,ENSG00000124228,U-251 MG,Q96GQ7 A0A087WYH5 A0A087X059 B7Z6D5
86698,0.06514562,-6.0020924,47087_631_D11_1,2,Nucleoli,DDX27,ENSG00000124228,U-2 OS,Q96GQ7 A0A087WYH5 A0A087X059 B7Z6D5
86699,0.03308153,-5.9285035,47087_631_D11_2,2,Nucleoli,DDX27,ENSG00000124228,U-2 OS,Q96GQ7 A0A087WYH5 A0A087X059 B7Z6D5
88985,-4.5877814,-3.707082,71297_1611_B7_2,5,N. bodies,ERCC6,ENSG00000225830,SiHa,P0DP91 Q03468 A0A096LNQ7 D6R9X7
88986,-4.6498737,-4.0097947,71297_1611_B7_6,5,N. bodies,ERCC6,ENSG00000225830,SiHa,P0DP91 Q03468 A0A096LNQ7 D6R9X7
89075,-4.6667194,-4.57931,64684_1202_G2_1,5,N. bodies,ATRX,ENSG00000085224,SH-SY5Y,P46100 A0A087WWG0 A0A096LNL6 A0A096LNL7 A0A096LNL9 A0A096LNN3 A0A096LNR8 A0A096LNW1 A0A096LNX6 A0A096LP59 A0A096LPG6 A0A6Q8PHA4 H0Y3T0
89076,-4.7274017,-4.5186925,64684_1202_G2_5,5,N. bodies,ATRX,ENSG00000085224,SH-SY5Y,P46100 A0A087WWG0 A0A096LNL6 A0A096LNL7 A0A096LNL9 A0A096LNN3 A0A096LNR8 A0A096LNW1 A0A096LNX6 A0A096LP59 A0A096LPG6 A0A6Q8PHA4 H0Y3T0
89586,-4.4846697,-3.5830355,156_653_A9_1,5,N. bodies,ERCC4,ENSG00000175595,U-2 OS,Q92889 I3L4K0 I3NI48
89587,-4.5247903,-3.7779562,156_653_A9_2,5,N. bodies,ERCC4,ENSG00000175595,U-2 OS,Q92889 I3L4K0 I3NI48
89631,-4.5206275,-4.5327325,23605_1139_D5_3,5,N. bodies,UBE2O,ENSG00000175931,A549,Q9C0C9 K7EQ12 K7ES11
89632,-4.5316544,-4.5545735,23605_1139_D5_5,5,N. bodies,UBE2O,ENSG00000175931,A549,Q9C0C9 K7EQ12 K7ES11
89723,-4.309797,-3.9582338,60277_1252_E10_1,5,N. bodies,ELF4,ENSG00000102034,U-251 MG,Q99607 A0A087WU18 B1AL80
89724,-4.293989,-3.8714576,60277_1252_E10_3,5,N. bodies,ELF4,ENSG00000102034,U-251 MG,Q99607 A0A087WU18 B1AL80
91559,-2.668505,-1.0474178,58120_991_H11_1,0,Nucleoplasm,SLU7,ENSG00000164609,A549,O95391 A0A0C4DGD2 E5RGM7 E5RK41
91560,-5.8192253,0.7915305,58120_991_H11_2,0,Nucleoplasm,SLU7,ENSG00000164609,A549,O95391 A0A0C4DGD2 E5RGM7 E5RK41
92176,-3.897149,0.31853524,64564_1164_E5_1,0,Nucleoplasm,SFMBT1,ENSG00000163935,SiHa,Q9UHJ3 C9IY64 C9IZZ5 C9JWI3
92177,-3.6796396,0.25741026,64564_1164_E5_2,0,Nucleoplasm,SFMBT1,ENSG00000163935,SiHa,Q9UHJ3 C9IY64 C9IZZ5 C9JWI3
92178,-4.095906,-0.90107894,64564_1174_E5_3,0,Nucleoplasm,SFMBT1,ENSG00000163935,U-2 OS,Q9UHJ3 C9IY64 C9IZZ5 C9JWI3
92179,-4.00709,-0.8550257,64564_1174_E5_4,0,Nucleoplasm,SFMBT1,ENSG00000163935,U-2 OS,Q9UHJ3 C9IY64 C9IZZ5 C9JWI3
92408,-3.6653357,-2.5553534,61027_1466_G6_3,0,Nucleoplasm,CTR9,ENSG00000198730,HEK 293,Q6PD62 A0A2R8Y3S3 H0YCE8
92409,-3.454214,-2.6189313,61027_1466_G6_4,0,Nucleoplasm,CTR9,ENSG00000198730,HEK 293,Q6PD62 A0A2R8Y3S3 H0YCE8
92410,-4.864223,-1.8782957,61027_1494_C4_1,0,Nucleoplasm,CTR9,ENSG00000198730,RH-30,Q6PD62 A0A2R8Y3S3 H0YCE8
92411,-4.346987,-1.7749412,61027_1494_C4_2,0,Nucleoplasm,CTR9,ENSG00000198730,RH-30,Q6PD62 A0A2R8Y3S3 H0YCE8
92412,-4.590914,-1.790945,61027_1521_G6_2,0,Nucleoplasm,CTR9,ENSG00000198730,U-2 OS,Q6PD62 A0A2R8Y3S3 H0YCE8
92413,-4.8750725,-1.9127884,61027_1521_G6_3,0,Nucleoplasm,CTR9,ENSG00000198730,U-2 OS,Q6PD62 A0A2R8Y3S3 H0YCE8
93091,-2.5364904,-1.0103394,52186_816_F11_1,0,Nucleoplasm,CHD8,ENSG00000100888,A-431,Q9HCK8 A0A2R8Y4P3 A0A2R8Y808 A0A2R8Y840 A0A2R8YFI9 A0A2R8YFT4 G3V303 H0YJA4 H0YJG4
93092,-2.3628817,-1.087649,52186_816_F11_2,0,Nucleoplasm,CHD8,ENSG00000100888,A-431,Q9HCK8 A0A2R8Y4P3 A0A2R8Y808 A0A2R8Y840 A0A2R8YFI9 A0A2R8YFT4 G3V303 H0YJA4 H0YJG4
93136,-3.4795775,-0.32271865,52410_783_F2_1,0,Nucleoplasm,PHF23,ENSG00000040633,U-2 OS,Q9BUL5 A0A087WVQ2 I3L0X3 I3L0Y2 I3L1N0 I3L2W6 I3L410 I3L4Q4
93137,-3.6663878,-0.6724968,52410_783_F2_2,0,Nucleoplasm,PHF23,ENSG00000040633,U-2 OS,Q9BUL5 A0A087WVQ2 I3L0X3 I3L0Y2 I3L1N0 I3L2W6 I3L410 I3L4Q4
93138,-2.5047135,-0.68996274,52410_785_F2_1,0,Nucleoplasm,PHF23,ENSG00000040633,HeLa,Q9BUL5 A0A087WVQ2 I3L0X3 I3L0Y2 I3L1N0 I3L2W6 I3L410 I3L4Q4
93139,-2.1658158,-0.7130458,52410_785_F2_2,0,Nucleoplasm,PHF23,ENSG00000040633,HeLa,Q9BUL5 A0A087WVQ2 I3L0X3 I3L0Y2 I3L1N0 I3L2W6 I3L410 I3L4Q4
93140,-2.7702956,-0.34920815,52410_868_H10_1,0,Nucleoplasm,PHF23,ENSG00000040633,MCF7,Q9BUL5 A0A087WVQ2 I3L0X3 I3L0Y2 I3L1N0 I3L2W6 I3L410 I3L4Q4
93141,-2.6154706,-0.41405082,52410_868_H10_2,0,Nucleoplasm,PHF23,ENSG00000040633,MCF7,Q9BUL5 A0A087WVQ2 I3L0X3 I3L0Y2 I3L1N0 I3L2W6 I3L410 I3L4Q4
93148,4.6244884,-1.7695358,52434_783_D2_1,0,Nucleoplasm,RNPC3,ENSG00000185946,U-2 OS,Q96LT9 E9PPV2 H0YE07 H0YEB8 X6RLP6
93149,4.685633,-1.8135172,52434_783_D2_2,0,Nucleoplasm,RNPC3,ENSG00000185946,U-2 OS,Q96LT9 E9PPV2 H0YE07 H0YEB8 X6RLP6
93150,-3.9276378,-1.4463669,52434_785_D2_2,0,Nucleoplasm,RNPC3,ENSG00000185946,HeLa,Q96LT9 E9PPV2 H0YE07 H0YEB8 X6RLP6
93151,-4.0671244,-1.5154521,52434_785_D2_3,0,Nucleoplasm,RNPC3,ENSG00000185946,HeLa,Q96LT9 E9PPV2 H0YE07 H0YEB8 X6RLP6
93152,-3.9145267,-1.2855357,52434_865_H1_1,0,Nucleoplasm,RNPC3,ENSG00000185946,HEK 293,Q96LT9 E9PPV2 H0YE07 H0YEB8 X6RLP6
93153,-4.0340204,-1.2725892,52434_865_H1_2,0,Nucleoplasm,RNPC3,ENSG00000185946,HEK 293,Q96LT9 E9PPV2 H0YE07 H0YEB8 X6RLP6
94492,-3.7722738,-0.21668594,54084_1036_C5_1,0,Nucleoplasm,NEIL1,ENSG00000140398,HEK 293,Q96FI4 H3BM98 H3BN83 H3BQE8 H3BQU8 H3BRZ2 H3BST2 H3BSZ5 H3BT75 H3BT94 H3BTX5 H3BU98
94493,-4.2204165,-1.1920531,54084_1036_C5_2,0,Nucleoplasm,NEIL1,ENSG00000140398,HEK 293,Q96FI4 H3BM98 H3BN83 H3BQE8 H3BQU8 H3BRZ2 H3BST2 H3BSZ5 H3BT75 H3BT94 H3BTX5 H3BU98
94494,-4.632831,-0.8693682,54084_870_G9_1,0,Nucleoplasm,NEIL1,ENSG00000140398,HeLa,Q96FI4 H3BM98 H3BN83 H3BQE8 H3BQU8 H3BRZ2 H3BST2 H3BSZ5 H3BT75 H3BT94 H3BTX5 H3BU98
94495,-5.532267,-0.35919717,54084_870_G9_2,0,Nucleoplasm,NEIL1,ENSG00000140398,HeLa,Q96FI4 H3BM98 H3BN83 H3BQE8 H3BQU8 H3BRZ2 H3BST2 H3BSZ5 H3BT75 H3BT94 H3BTX5 H3BU98
94496,-3.9131386,-1.2106525,54084_872_G9_1,0,Nucleoplasm,NEIL1,ENSG00000140398,U-2 OS,Q96FI4 H3BM98 H3BN83 H3BQE8 H3BQU8 H3BRZ2 H3BST2 H3BSZ5 H3BT75 H3BT94 H3BTX5 H3BU98
94497,-2.81007,-1.2190834,54084_872_G9_2,0,Nucleoplasm,NEIL1,ENSG00000140398,U-2 OS,Q96FI4 H3BM98 H3BN83 H3BQE8 H3BQU8 H3BRZ2 H3BST2 H3BSZ5 H3BT75 H3BT94 H3BTX5 H3BU98
94718,-4.587308,-1.7732056,12008_564_F7_1,0,Nucleoplasm,CHD4,ENSG00000111642,U-2 OS,Q14839 A0A0C4DGG9 A0A2R8Y212 A0A2R8Y425 A0A2R8Y4X2 A0A2R8Y512 A0A2R8Y521 A0A2R8Y539 A0A2R8Y5J0 A0A2R8Y5M9 A0A2R8Y5Z7 A0A2R8Y685 A0A2R8Y6G9 A0A2R8Y795 A0A2R8Y7I0 A0A2R8Y7M9 A0A2R8Y7X1 A0A2R8Y8B3 A0A2R8Y8C1 A0A2R8YD40 A0A2R8YDJ9 A0A2R8YDW2 A0A2R8YE38 A0A2R8YER1 A0A2R8YFD8 A0A2R8YFK9 A0A2U3TZM0 F5GWX5 F5H596 F5H6N4
94719,-2.0809484,-4.9961014,12008_564_F7_2,0,Nucleoplasm,CHD4,ENSG00000111642,U-2 OS,Q14839 A0A0C4DGG9 A0A2R8Y212 A0A2R8Y425 A0A2R8Y4X2 A0A2R8Y512 A0A2R8Y521 A0A2R8Y539 A0A2R8Y5J0 A0A2R8Y5M9 A0A2R8Y5Z7 A0A2R8Y685 A0A2R8Y6G9 A0A2R8Y795 A0A2R8Y7I0 A0A2R8Y7M9 A0A2R8Y7X1 A0A2R8Y8B3 A0A2R8Y8C1 A0A2R8YD40 A0A2R8YDJ9 A0A2R8YDW2 A0A2R8YE38 A0A2R8YER1 A0A2R8YFD8 A0A2R8YFK9 A0A2U3TZM0 F5GWX5 F5H596 F5H6N4
94720,-1.7570181,-2.9186664,12008_572_F7_1,0,Nucleoplasm,CHD4,ENSG00000111642,A-431,Q14839 A0A0C4DGG9 A0A2R8Y212 A0A2R8Y425 A0A2R8Y4X2 A0A2R8Y512 A0A2R8Y521 A0A2R8Y539 A0A2R8Y5J0 A0A2R8Y5M9 A0A2R8Y5Z7 A0A2R8Y685 A0A2R8Y6G9 A0A2R8Y795 A0A2R8Y7I0 A0A2R8Y7M9 A0A2R8Y7X1 A0A2R8Y8B3 A0A2R8Y8C1 A0A2R8YD40 A0A2R8YDJ9 A0A2R8YDW2 A0A2R8YE38 A0A2R8YER1 A0A2R8YFD8 A0A2R8YFK9 A0A2U3TZM0 F5GWX5 F5H596 F5H6N4
94721,-1.663377,-2.916107,12008_572_F7_2,0,Nucleoplasm,CHD4,ENSG00000111642,A-431,Q14839 A0A0C4DGG9 A0A2R8Y212 A0A2R8Y425 A0A2R8Y4X2 A0A2R8Y512 A0A2R8Y521 A0A2R8Y539 A0A2R8Y5J0 A0A2R8Y5M9 A0A2R8Y5Z7 A0A2R8Y685 A0A2R8Y6G9 A0A2R8Y795 A0A2R8Y7I0 A0A2R8Y7M9 A0A2R8Y7X1 A0A2R8Y8B3 A0A2R8Y8C1 A0A2R8YD40 A0A2R8YDJ9 A0A2R8YDW2 A0A2R8YE38 A0A2R8YER1 A0A2R8YFD8 A0A2R8YFK9 A0A2U3TZM0 F5GWX5 F5H596 F5H6N4
94722,-1.5672346,-3.5355759,12008_587_F7_1,0,Nucleoplasm,CHD4,ENSG00000111642,U-251 MG,Q14839 A0A0C4DGG9 A0A2R8Y212 A0A2R8Y425 A0A2R8Y4X2 A0A2R8Y512 A0A2R8Y521 A0A2R8Y539 A0A2R8Y5J0 A0A2R8Y5M9 A0A2R8Y5Z7 A0A2R8Y685 A0A2R8Y6G9 A0A2R8Y795 A0A2R8Y7I0 A0A2R8Y7M9 A0A2R8Y7X1 A0A2R8Y8B3 A0A2R8Y8C1 A0A2R8YD40 A0A2R8YDJ9 A0A2R8YDW2 A0A2R8YE38 A0A2R8YER1 A0A2R8YFD8 A0A2R8YFK9 A0A2U3TZM0 F5GWX5 F5H596 F5H6N4
94723,-2.4593146,-2.507124,12008_587_F7_2,0,Nucleoplasm,CHD4,ENSG00000111642,U-251 MG,Q14839 A0A0C4DGG9 A0A2R8Y212 A0A2R8Y425 A0A2R8Y4X2 A0A2R8Y512 A0A2R8Y521 A0A2R8Y539 A0A2R8Y5J0 A0A2R8Y5M9 A0A2R8Y5Z7 A0A2R8Y685 A0A2R8Y6G9 A0A2R8Y795 A0A2R8Y7I0 A0A2R8Y7M9 A0A2R8Y7X1 A0A2R8Y8B3 A0A2R8Y8C1 A0A2R8YD40 A0A2R8YDJ9 A0A2R8YDW2 A0A2R8YE38 A0A2R8YER1 A0A2R8YFD8 A0A2R8YFK9 A0A2U3TZM0 F5GWX5 F5H596 F5H6N4
95856,-1.4620829,-3.1527886,58846_1176_E12_1,0,Nucleoplasm,POLD3,ENSG00000077514,RH-30,Q15054 E9PM91 E9PNC0 E9PRK3 H0YD46 H0YEX7
95857,-0.87179744,-4.621152,58846_1176_E12_2,0,Nucleoplasm,POLD3,ENSG00000077514,RH-30,Q15054 E9PM91 E9PNC0 E9PRK3 H0YD46 H0YEX7
95882,-3.761025,-1.4130578,58846_1017_E8_2,0,Nucleoplasm,POLD3,ENSG00000077514,U-251 MG,Q15054 E9PM91 E9PNC0 E9PRK3 H0YD46 H0YEX7
95883,-2.691149,-1.4406986,58846_1017_E8_1,0,Nucleoplasm,POLD3,ENSG00000077514,U-251 MG,Q15054 E9PM91 E9PNC0 E9PRK3 H0YD46 H0YEX7
95884,-1.9480454,-2.796173,58846_1013_E8_2,0,Nucleoplasm,POLD3,ENSG00000077514,U-2 OS,Q15054 E9PM91 E9PNC0 E9PRK3 H0YD46 H0YEX7
95885,-1.4949242,-3.0833285,58846_1013_E8_1,0,Nucleoplasm,POLD3,ENSG00000077514,U-2 OS,Q15054 E9PM91 E9PNC0 E9PRK3 H0YD46 H0YEX7
96559,-2.4749434,-2.4769354,68122_1422_F3_2,0,Nucleoplasm,CTR9,ENSG00000198730,RT4,Q6PD62 A0A2R8Y3S3 H0YCE8
96585,-2.421382,-2.5893478,68122_1422_F3_1,0,Nucleoplasm,CTR9,ENSG00000198730,RT4,Q6PD62 A0A2R8Y3S3 H0YCE8
96678,-3.4298995,-1.9535718,71166_1385_F9_1,0,Nucleoplasm,ELF2,ENSG00000109381,RT4,Q15723 D6RGD9 D6RHI1
96679,-3.6372912,-1.8554889,71166_1385_F9_2,0,Nucleoplasm,ELF2,ENSG00000109381,RT4,Q15723 D6RGD9 D6RHI1
96680,-3.5941024,-1.3681868,71166_1394_F9_2,0,Nucleoplasm,ELF2,ENSG00000109381,U-2 OS,Q15723 D6RGD9 D6RHI1
96681,-4.203792,-1.5838907,71166_1394_F9_3,0,Nucleoplasm,ELF2,ENSG00000109381,U-2 OS,Q15723 D6RGD9 D6RHI1
96770,-3.6989827,-1.9650588,71297_1544_F12_2,0,Nucleoplasm,ERCC6,ENSG00000225830,BJ,P0DP91 Q03468 A0A096LNQ7 D6R9X7
96771,-3.6032453,-1.7417498,71297_1544_F12_3,0,Nucleoplasm,ERCC6,ENSG00000225830,BJ,P0DP91 Q03468 A0A096LNQ7 D6R9X7
96942,-1.1852112,-1.9167079,660_15_D10_1,0,Nucleoplasm,VRK1,ENSG00000100749,U-251 MG,Q99986 H0YJ50 H0YJF7 H0YJJ9
96943,-1.0672916,-1.7747566,660_15_D10_2,0,Nucleoplasm,VRK1,ENSG00000100749,U-251 MG,Q99986 H0YJ50 H0YJF7 H0YJJ9
97416,-1.4083854,-0.73142695,15543_1150_F2_1,0,Nucleoplasm,CHD6,ENSG00000124177,RH-30,Q8TD26 A0A075B6P4 C9JFU2 H7C294
97417,-2.233624,-1.6099998,15543_1150_F2_2,0,Nucleoplasm,CHD6,ENSG00000124177,RH-30,Q8TD26 A0A075B6P4 C9JFU2 H7C294
97418,-2.7045531,-1.4567112,15543_1183_H6_3,0,Nucleoplasm,CHD6,ENSG00000124177,SiHa,Q8TD26 A0A075B6P4 C9JFU2 H7C294
97419,-2.6770973,-1.321622,15543_1183_H6_4,0,Nucleoplasm,CHD6,ENSG00000124177,SiHa,Q8TD26 A0A075B6P4 C9JFU2 H7C294
97534,-5.457383,-1.0130781,916_54_C9_1,0,Nucleoplasm,NKAP,ENSG00000101882,A-431,Q8N5F7 A0A494C050
97535,-5.6324067,-1.1331095,916_54_C9_2,0,Nucleoplasm,NKAP,ENSG00000101882,A-431,Q8N5F7 A0A494C050
98200,-2.2848969,-1.9287397,76065_1784_G5_1,0,Nucleoplasm,ZC3H6,ENSG00000188177,AF22,P61129
98201,-0.18551268,-1.6976978,76065_1784_G5_2,0,Nucleoplasm,ZC3H6,ENSG00000188177,AF22,P61129