,x,y,id,location_code,location,gene,gene_ensembl_id,cell_line,Uniprot
254,5.9996104,-2.5475335,41664_491_F1_3,0 3 23 25,"Nucleoplasm,N. fibrillar c.,Mitochondria,Cytosol",CD3EAP,ENSG00000117877,U-2 OS,O15446 K7EMH2 K7EQC8
255,5.9677815,-2.5920465,41664_491_F1_1,0 3 23 25,"Nucleoplasm,N. fibrillar c.,Mitochondria,Cytosol",CD3EAP,ENSG00000117877,U-2 OS,O15446 K7EMH2 K7EQC8
479,0.7599886,-4.51562,38487_436_H6_7,0 2 21 25,"Nucleoplasm,Nucleoli,PM,Cytosol",RRP8,ENSG00000132275,A-431,O43159 E9PPP6 E9PPY3 E9PS87
487,0.64400876,-4.301755,38487_436_H6_6,0 2 21 25,"Nucleoplasm,Nucleoli,PM,Cytosol",RRP8,ENSG00000132275,A-431,O43159 E9PPP6 E9PPY3 E9PS87
1157,1.0234513,-5.1188374,42820_496_C10_4,0 1 2 23,"Nucleoplasm,N. membrane,Nucleoli,Mitochondria",CMSS1,ENSG00000184220,U-251 MG,Q9BQ75 C9IY68 C9J384 F8WC72 H7C515
1158,0.9545454,-5.13357,42820_496_C10_1,0 1 2 23,"Nucleoplasm,N. membrane,Nucleoli,Mitochondria",CMSS1,ENSG00000184220,U-251 MG,Q9BQ75 C9IY68 C9J384 F8WC72 H7C515
5013,0.3863748,-4.6341147,57562_980_G6_3,0 2 25,"Nucleoplasm,Nucleoli,Cytosol",RRP8,ENSG00000132275,U-2 OS,O43159 E9PPP6 E9PPY3 E9PS87
5014,0.4129832,-4.6593843,57562_980_G6_2,0 2 25,"Nucleoplasm,Nucleoli,Cytosol",RRP8,ENSG00000132275,U-2 OS,O43159 E9PPP6 E9PPY3 E9PS87
5015,0.81225806,-4.375003,57562_976_G6_3,0 2 25,"Nucleoplasm,Nucleoli,Cytosol",RRP8,ENSG00000132275,U-251 MG,O43159 E9PPP6 E9PPY3 E9PS87
5016,0.9237016,-4.33158,57562_976_G6_1,0 2 25,"Nucleoplasm,Nucleoli,Cytosol",RRP8,ENSG00000132275,U-251 MG,O43159 E9PPP6 E9PPY3 E9PS87
5017,0.1691635,-4.7163033,57562_975_G6_2,0 2 25,"Nucleoplasm,Nucleoli,Cytosol",RRP8,ENSG00000132275,A-431,O43159 E9PPP6 E9PPY3 E9PS87
5046,0.13023593,-4.727061,57562_975_G6_1,0 2 25,"Nucleoplasm,Nucleoli,Cytosol",RRP8,ENSG00000132275,A-431,O43159 E9PPP6 E9PPY3 E9PS87
5138,0.63669884,-4.4726653,38487_442_H6_2,0 2 25,"Nucleoplasm,Nucleoli,Cytosol",RRP8,ENSG00000132275,U-2 OS,O43159 E9PPP6 E9PPY3 E9PS87
5156,0.3890755,-4.529549,38487_442_H6_1,0 2 25,"Nucleoplasm,Nucleoli,Cytosol",RRP8,ENSG00000132275,U-2 OS,O43159 E9PPP6 E9PPY3 E9PS87
5281,0.5934463,-4.427511,38487_521_H6_2,0 2 25,"Nucleoplasm,Nucleoli,Cytosol",RRP8,ENSG00000132275,U-251 MG,O43159 E9PPP6 E9PPY3 E9PS87
5296,0.5828582,-4.194293,38487_521_H6_1,0 2 25,"Nucleoplasm,Nucleoli,Cytosol",RRP8,ENSG00000132275,U-251 MG,O43159 E9PPP6 E9PPY3 E9PS87
5753,-2.1043274,-6.131701,41734_542_A9_1,0 3 23,"Nucleoplasm,N. fibrillar c.,Mitochondria",CD3EAP,ENSG00000117877,U-2 OS,O15446 K7EMH2 K7EQC8
5754,6.0597754,-2.5183537,41734_542_A9_2,0 3 23,"Nucleoplasm,N. fibrillar c.,Mitochondria",CD3EAP,ENSG00000117877,U-2 OS,O15446 K7EMH2 K7EQC8
6317,0.2467718,-3.9182773,30945_398_D1_2,0 2 25,"Nucleoplasm,Nucleoli,Cytosol",BRWD1,ENSG00000185658,U-251 MG,Q9NSI6 H0Y463 H0Y4A7 H0Y4R9 H0Y500 H0Y5I9 H7BZR9 H7C409
6318,0.47788742,-4.3690577,30945_398_D1_1,0 2 25,"Nucleoplasm,Nucleoli,Cytosol",BRWD1,ENSG00000185658,U-251 MG,Q9NSI6 H0Y463 H0Y4A7 H0Y4R9 H0Y500 H0Y5I9 H7BZR9 H7C409
6341,-1.6791285,-6.135386,41664_481_F1_2,0 3 25,"Nucleoplasm,N. fibrillar c.,Cytosol",CD3EAP,ENSG00000117877,U-251 MG,O15446 K7EMH2 K7EQC8
6343,-1.8033483,-6.1143174,41664_487_F1_1,0 3 25,"Nucleoplasm,N. fibrillar c.,Cytosol",CD3EAP,ENSG00000117877,A-431,O15446 K7EMH2 K7EQC8
6344,-1.646781,-6.0520525,41664_487_F1_2,0 3 25,"Nucleoplasm,N. fibrillar c.,Cytosol",CD3EAP,ENSG00000117877,A-431,O15446 K7EMH2 K7EQC8
6378,-1.6980488,-6.023486,41664_481_F1_1,0 3 25,"Nucleoplasm,N. fibrillar c.,Cytosol",CD3EAP,ENSG00000117877,U-251 MG,O15446 K7EMH2 K7EQC8
7000,-1.7796602,-5.4375067,21062_178_F9_1,0 3 25,"Nucleoplasm,N. fibrillar c.,Cytosol",NOP58,ENSG00000055044,A-431,Q9Y2X3 F8WED0 H7BZ72
7001,-1.5839193,-5.1844187,21062_178_F9_2,0 3 25,"Nucleoplasm,N. fibrillar c.,Cytosol",NOP58,ENSG00000055044,A-431,Q9Y2X3 F8WED0 H7BZ72
7285,3.5982292,6.78576,19071_185_B3_1,0 3 14,"Nucleoplasm,N. fibrillar c.,Microtubules",TWISTNB,ENSG00000105849,U-2 OS,Q3B726
7289,3.6266544,6.849937,19071_242_B3_2,0 3 14,"Nucleoplasm,N. fibrillar c.,Microtubules",TWISTNB,ENSG00000105849,A-431,Q3B726
7290,3.586671,6.821306,19071_242_B3_1,0 3 14,"Nucleoplasm,N. fibrillar c.,Microtubules",TWISTNB,ENSG00000105849,A-431,Q3B726
7291,3.5876746,6.780888,19071_185_B3_2,0 3 14,"Nucleoplasm,N. fibrillar c.,Microtubules",TWISTNB,ENSG00000105849,U-2 OS,Q3B726
7292,-2.132797,-6.084464,19071_183_B3_2,0 3 14,"Nucleoplasm,N. fibrillar c.,Microtubules",TWISTNB,ENSG00000105849,U-251 MG,Q3B726
7294,-2.1250184,-6.4421496,19071_183_B3_1,0 3 14,"Nucleoplasm,N. fibrillar c.,Microtubules",TWISTNB,ENSG00000105849,U-251 MG,Q3B726
7315,0.21391685,-4.6317053,54837_895_H3_3,0 2 25,"Nucleoplasm,Nucleoli,Cytosol",TTF1,ENSG00000125482,U-2 OS,Q15361 A0A087WY09
7316,-0.09256173,-4.7188044,54837_895_H3_2,0 2 25,"Nucleoplasm,Nucleoli,Cytosol",TTF1,ENSG00000125482,U-2 OS,Q15361 A0A087WY09
7810,-0.7425197,-4.2254095,40930_560_H5_5,0 2 25,"Nucleoplasm,Nucleoli,Cytosol",FAM98C,ENSG00000130244,A-431,Q17RN3 K7EQL1 K7EQT7 K7ES49
7811,-0.86436987,-3.1519654,40930_1208_B2_1,0 2 25,"Nucleoplasm,Nucleoli,Cytosol",FAM98C,ENSG00000130244,MCF7,Q17RN3 K7EQL1 K7EQT7 K7ES49
7812,-0.59261066,-3.659884,40930_1208_B2_2,0 2 25,"Nucleoplasm,Nucleoli,Cytosol",FAM98C,ENSG00000130244,MCF7,Q17RN3 K7EQL1 K7EQT7 K7ES49
7823,-1.189797,-0.8662935,40930_560_H5_4,0 2 25,"Nucleoplasm,Nucleoli,Cytosol",FAM98C,ENSG00000130244,A-431,Q17RN3 K7EQL1 K7EQT7 K7ES49
7960,-1.7342104,-5.523679,76524_1676_H9_2,0 2 18,"Nucleoplasm,Nucleoli,MTOC",CHD3,ENSG00000170004,REH,Q12873 A0A5F9ZHM2 A0A5F9ZHX5 H7C0J3 H7C2H0 H7C3H7 I3L1I4 I3L229 K7EPV1
7961,-0.9244111,-3.1830125,76524_1676_H9_3,0 2 18,"Nucleoplasm,Nucleoli,MTOC",CHD3,ENSG00000170004,REH,Q12873 A0A5F9ZHM2 A0A5F9ZHX5 H7C0J3 H7C2H0 H7C3H7 I3L1I4 I3L229 K7EPV1
17426,1.1884087,-3.4111354,11224_108_C10_1,2 25,"Nucleoli,Cytosol",EFCAB14,ENSG00000159658,A-431,O75071 A0A5F9ZHQ6 A0A6I8PIF8 A0A6I8PIP2 A0A6I8PS42 A0A6I8PU78 S4R3Q1
17428,1.0526706,-3.5067244,11224_108_C10_2,2 25,"Nucleoli,Cytosol",EFCAB14,ENSG00000159658,A-431,O75071 A0A5F9ZHQ6 A0A6I8PIF8 A0A6I8PIP2 A0A6I8PS42 A0A6I8PU78 S4R3Q1
17437,1.2685286,-3.301213,11224_87_C10_1,2 25,"Nucleoli,Cytosol",EFCAB14,ENSG00000159658,U-2 OS,O75071 A0A5F9ZHQ6 A0A6I8PIF8 A0A6I8PIP2 A0A6I8PS42 A0A6I8PU78 S4R3Q1
17439,1.1402661,-3.4213898,11224_87_C10_2,2 25,"Nucleoli,Cytosol",EFCAB14,ENSG00000159658,U-2 OS,O75071 A0A5F9ZHQ6 A0A6I8PIF8 A0A6I8PIP2 A0A6I8PS42 A0A6I8PU78 S4R3Q1
19290,-2.1192315,2.944973,54837_893_H3_2,0 21,"Nucleoplasm,PM",TTF1,ENSG00000125482,A-431,Q15361 A0A087WY09
19291,-2.1065211,-3.1481671,54837_893_H3_1,0 21,"Nucleoplasm,PM",TTF1,ENSG00000125482,A-431,Q15361 A0A087WY09
20654,0.98366797,-4.595896,41079_475_H11_2,2 25,"Nucleoli,Cytosol",KNOP1,ENSG00000103550,A-431,Q1ED39 H3BMC9 H3BNU8 H3BPL4
20655,0.74883187,-5.0251617,41079_477_H11_1,2 25,"Nucleoli,Cytosol",KNOP1,ENSG00000103550,U-251 MG,Q1ED39 H3BMC9 H3BNU8 H3BPL4
20656,0.8004822,-4.831554,41079_477_H11_2,2 25,"Nucleoli,Cytosol",KNOP1,ENSG00000103550,U-251 MG,Q1ED39 H3BMC9 H3BNU8 H3BPL4
20657,0.6623934,-4.948857,41079_479_H11_1,2 25,"Nucleoli,Cytosol",KNOP1,ENSG00000103550,U-2 OS,Q1ED39 H3BMC9 H3BNU8 H3BPL4
20658,0.6801625,-4.9164824,41079_479_H11_2,2 25,"Nucleoli,Cytosol",KNOP1,ENSG00000103550,U-2 OS,Q1ED39 H3BMC9 H3BNU8 H3BPL4
20678,1.0756844,-4.597718,41079_475_H11_1,2 25,"Nucleoli,Cytosol",KNOP1,ENSG00000103550,A-431,Q1ED39 H3BMC9 H3BNU8 H3BPL4
22138,-1.1969992,-2.9125135,30945_389_D1_3,0 25,"Nucleoplasm,Cytosol",BRWD1,ENSG00000185658,A-431,Q9NSI6 H0Y463 H0Y4A7 H0Y4R9 H0Y500 H0Y5I9 H7BZR9 H7C409
22140,0.3052943,0.119408935,30945_389_D1_2,0 25,"Nucleoplasm,Cytosol",BRWD1,ENSG00000185658,A-431,Q9NSI6 H0Y463 H0Y4A7 H0Y4R9 H0Y500 H0Y5I9 H7BZR9 H7C409
22141,1.0856498,-4.504349,30944_626_B11_3,2 25,"Nucleoli,Cytosol",BRWD1,ENSG00000185658,A-431,Q9NSI6 H0Y463 H0Y4A7 H0Y4R9 H0Y500 H0Y5I9 H7BZR9 H7C409
22142,1.0855011,-4.410714,30944_626_B11_1,2 25,"Nucleoli,Cytosol",BRWD1,ENSG00000185658,A-431,Q9NSI6 H0Y463 H0Y4A7 H0Y4R9 H0Y500 H0Y5I9 H7BZR9 H7C409
22143,0.23460925,-4.767697,30944_1179_G1_9,2 25,"Nucleoli,Cytosol",BRWD1,ENSG00000185658,SiHa,Q9NSI6 H0Y463 H0Y4A7 H0Y4R9 H0Y500 H0Y5I9 H7BZR9 H7C409
22144,0.16528581,-4.4027944,30944_1179_G1_8,2 25,"Nucleoli,Cytosol",BRWD1,ENSG00000185658,SiHa,Q9NSI6 H0Y463 H0Y4A7 H0Y4R9 H0Y500 H0Y5I9 H7BZR9 H7C409
37774,-0.40559098,-5.2782493,62853_1241_E10_2,0 2,"Nucleoplasm,Nucleoli",SREK1IP1,ENSG00000153006,U-251 MG,Q8N9Q2
37775,-0.40583885,-5.3449683,62853_1241_E10_4,0 2,"Nucleoplasm,Nucleoli",SREK1IP1,ENSG00000153006,U-251 MG,Q8N9Q2
37777,-0.9410808,-4.420198,62853_1245_E10_1,0 2,"Nucleoplasm,Nucleoli",SREK1IP1,ENSG00000153006,U-2 OS,Q8N9Q2
37785,-0.9865553,-4.351798,62853_1245_E10_2,0 2,"Nucleoplasm,Nucleoli",SREK1IP1,ENSG00000153006,U-2 OS,Q8N9Q2
37950,-1.4198501,-4.14527,62351_1148_E7_1,0 2,"Nucleoplasm,Nucleoli",NUCKS1,ENSG00000069275,MCF7,Q9H1E3
37954,-0.8771199,-4.5896297,62351_1148_E7_2,0 2,"Nucleoplasm,Nucleoli",NUCKS1,ENSG00000069275,MCF7,Q9H1E3
38026,1.7293845,-2.6465008,61739_1307_B4_2,3 7,"N. fibrillar c.,Golgi app.",C12orf43,ENSG00000157895,HEK 293,Q96C57 E7ENF1 F5H3K2 F5H7W8 F5H8B7 G5EA44 H0YGK4
38076,-1.8246021,-5.3139763,22236_1401_A9_2,0 3,"Nucleoplasm,N. fibrillar c.",CHD1,ENSG00000153922,RH-30,O14646 A0A087WVF4 H0Y8V4 H0Y8Z0
38090,-1.9536133,-5.421163,22236_1401_A9_3,0 3,"Nucleoplasm,N. fibrillar c.",CHD1,ENSG00000153922,RH-30,O14646 A0A087WVF4 H0Y8V4 H0Y8Z0
38091,-2.1406693,-5.4017906,22236_1252_E8_4,0 3,"Nucleoplasm,N. fibrillar c.",CHD1,ENSG00000153922,U-251 MG,O14646 A0A087WVF4 H0Y8V4 H0Y8Z0
38108,-2.006184,-4.819773,22236_1252_E8_2,0 3,"Nucleoplasm,N. fibrillar c.",CHD1,ENSG00000153922,U-251 MG,O14646 A0A087WVF4 H0Y8V4 H0Y8Z0
38116,-1.8292301,-5.277141,22236_1158_A9_1,0 3,"Nucleoplasm,N. fibrillar c.",CHD1,ENSG00000153922,U-2 OS,O14646 A0A087WVF4 H0Y8V4 H0Y8Z0
38120,-1.6462992,-3.6836693,22236_1158_A9_2,0 3,"Nucleoplasm,N. fibrillar c.",CHD1,ENSG00000153922,U-2 OS,O14646 A0A087WVF4 H0Y8V4 H0Y8Z0
38173,-2.182532,-5.897536,22416_189_G1_1,0 3,"Nucleoplasm,N. fibrillar c.",TWISTNB,ENSG00000105849,U-251 MG,Q3B726
38175,-2.2140481,-5.91087,22416_189_G1_2,0 3,"Nucleoplasm,N. fibrillar c.",TWISTNB,ENSG00000105849,U-251 MG,Q3B726
38178,-1.9834182,-6.252707,22416_190_G1_1,0 3,"Nucleoplasm,N. fibrillar c.",TWISTNB,ENSG00000105849,A-431,Q3B726
38182,-1.9944718,-6.228748,22416_190_G1_2,0 3,"Nucleoplasm,N. fibrillar c.",TWISTNB,ENSG00000105849,A-431,Q3B726
38183,-2.0616543,-5.9859157,22416_191_G1_1,0 3,"Nucleoplasm,N. fibrillar c.",TWISTNB,ENSG00000105849,U-2 OS,Q3B726
38184,-2.0156007,-5.8917127,22416_191_G1_2,0 3,"Nucleoplasm,N. fibrillar c.",TWISTNB,ENSG00000105849,U-2 OS,Q3B726
38186,1.8238778,-2.6159134,61739_1307_B4_1,3 7,"N. fibrillar c.,Golgi app.",C12orf43,ENSG00000157895,HEK 293,Q96C57 E7ENF1 F5H3K2 F5H7W8 F5H8B7 G5EA44 H0YGK4
38219,-1.3682739,-5.9906096,61739_1102_D7_2,2 7,"Nucleoli,Golgi app.",C12orf43,ENSG00000157895,U-2 OS,Q96C57 E7ENF1 F5H3K2 F5H7W8 F5H8B7 G5EA44 H0YGK4
38263,-0.5674726,-4.153225,30945_381_D1_2,0 2,"Nucleoplasm,Nucleoli",BRWD1,ENSG00000185658,U-2 OS,Q9NSI6 H0Y463 H0Y4A7 H0Y4R9 H0Y500 H0Y5I9 H7BZR9 H7C409
38265,-1.1806655,-3.4036956,30945_381_D1_1,0 2,"Nucleoplasm,Nucleoli",BRWD1,ENSG00000185658,U-2 OS,Q9NSI6 H0Y463 H0Y4A7 H0Y4R9 H0Y500 H0Y5I9 H7BZR9 H7C409
38350,-1.3645742,-5.9835997,61739_1102_D7_1,2 7,"Nucleoli,Golgi app.",C12orf43,ENSG00000157895,U-2 OS,Q96C57 E7ENF1 F5H3K2 F5H7W8 F5H8B7 G5EA44 H0YGK4
38351,1.3232187,-3.2036328,61739_1080_D7_2,2 7,"Nucleoli,Golgi app.",C12orf43,ENSG00000157895,MCF7,Q96C57 E7ENF1 F5H3K2 F5H7W8 F5H8B7 G5EA44 H0YGK4
38353,1.3119775,-3.20131,61739_1080_D7_1,2 7,"Nucleoli,Golgi app.",C12orf43,ENSG00000157895,MCF7,Q96C57 E7ENF1 F5H3K2 F5H7W8 F5H8B7 G5EA44 H0YGK4
38543,-1.815314,-3.809561,54837_958_F8_1,0 2,"Nucleoplasm,Nucleoli",TTF1,ENSG00000125482,MCF7,Q15361 A0A087WY09
38548,-1.4888222,-4.260338,54837_958_F8_2,0 2,"Nucleoplasm,Nucleoli",TTF1,ENSG00000125482,MCF7,Q15361 A0A087WY09
39769,-0.6304327,-4.3800545,76524_1674_H9_32,0 2,"Nucleoplasm,Nucleoli",CHD3,ENSG00000170004,U-2 OS,Q12873 A0A5F9ZHM2 A0A5F9ZHX5 H7C0J3 H7C2H0 H7C3H7 I3L1I4 I3L229 K7EPV1
39770,-0.6747923,-4.4044046,76524_1674_H9_33,0 2,"Nucleoplasm,Nucleoli",CHD3,ENSG00000170004,U-2 OS,Q12873 A0A5F9ZHM2 A0A5F9ZHX5 H7C0J3 H7C2H0 H7C3H7 I3L1I4 I3L229 K7EPV1
39771,-1.1846387,-4.7161527,76524_1712_C4_3_cr5804e5a4d2793,0 2,"Nucleoplasm,Nucleoli",CHD3,ENSG00000170004,SiHa,Q12873 A0A5F9ZHM2 A0A5F9ZHX5 H7C0J3 H7C2H0 H7C3H7 I3L1I4 I3L229 K7EPV1
40290,-0.62347484,-4.7643394,74391_1434_C3_2,0 2,"Nucleoplasm,Nucleoli",INTS3,ENSG00000143624,PC-3,Q68E01 A0A096LNW8 A0A096LPB9 H0Y8Z1
40291,-0.5062251,-5.415135,74391_1436_C3_2,0 2,"Nucleoplasm,Nucleoli",INTS3,ENSG00000143624,U-2 OS,Q68E01 A0A096LNW8 A0A096LPB9 H0Y8Z1
40292,-0.46468452,-5.2917023,74391_1503_C3_1,0 2,"Nucleoplasm,Nucleoli",INTS3,ENSG00000143624,MCF7,Q68E01 A0A096LNW8 A0A096LPB9 H0Y8Z1
40293,-0.43772995,-5.30598,74391_1503_C3_2,0 2,"Nucleoplasm,Nucleoli",INTS3,ENSG00000143624,MCF7,Q68E01 A0A096LNW8 A0A096LPB9 H0Y8Z1
40323,-1.2892649,-4.714661,74391_1434_C3_1,0 2,"Nucleoplasm,Nucleoli",INTS3,ENSG00000143624,PC-3,Q68E01 A0A096LNW8 A0A096LPB9 H0Y8Z1
40515,1.4346428,-2.9936585,11224_85_C10_2,2 7,"Nucleoli,Golgi app.",EFCAB14,ENSG00000159658,U-251 MG,O75071 A0A5F9ZHQ6 A0A6I8PIF8 A0A6I8PIP2 A0A6I8PS42 A0A6I8PU78 S4R3Q1
40516,1.4609123,-3.0104835,11224_85_C10_1,2 7,"Nucleoli,Golgi app.",EFCAB14,ENSG00000159658,U-251 MG,O75071 A0A5F9ZHQ6 A0A6I8PIF8 A0A6I8PIP2 A0A6I8PS42 A0A6I8PU78 S4R3Q1
40559,-2.1487186,-6.5174093,1022_171_F7_2,0 3,"Nucleoplasm,N. fibrillar c.",DKC1,ENSG00000130826,U-2 OS,O60832 C9IYT0 H7BZF2 H7C0M1 H7C2Q2 H7C2Q9
40560,-2.3732364,-6.908238,1022_171_F7_1,0 3,"Nucleoplasm,N. fibrillar c.",DKC1,ENSG00000130826,U-2 OS,O60832 C9IYT0 H7BZF2 H7C0M1 H7C2Q2 H7C2Q9
40561,-2.3398693,-6.7971735,1022_170_F7_2,0 3,"Nucleoplasm,N. fibrillar c.",DKC1,ENSG00000130826,A-431,O60832 C9IYT0 H7BZF2 H7C0M1 H7C2Q2 H7C2Q9
40562,-2.1343389,-6.3587103,1022_170_F7_1,0 3,"Nucleoplasm,N. fibrillar c.",DKC1,ENSG00000130826,A-431,O60832 C9IYT0 H7BZF2 H7C0M1 H7C2Q2 H7C2Q9
40563,-1.9152209,-5.566934,1022_169_F7_2,0 3,"Nucleoplasm,N. fibrillar c.",DKC1,ENSG00000130826,U-251 MG,O60832 C9IYT0 H7BZF2 H7C0M1 H7C2Q2 H7C2Q9
40564,-1.9559777,-5.4527435,1022_169_F7_1,0 3,"Nucleoplasm,N. fibrillar c.",DKC1,ENSG00000130826,U-251 MG,O60832 C9IYT0 H7BZF2 H7C0M1 H7C2Q2 H7C2Q9
41389,5.8742013,-2.872625,66175_1478_A12_1,0 2,"Nucleoplasm,Nucleoli",FAM133A,ENSG00000179083,U-2 OS,Q8N9E0
41390,0.32831246,-5.525927,66175_1478_A12_3,0 2,"Nucleoplasm,Nucleoli",FAM133A,ENSG00000179083,U-2 OS,Q8N9E0
41653,0.7463319,-5.095945,6458_72_E8_1,0 2,"Nucleoplasm,Nucleoli",TOP2A,ENSG00000131747,A-431,P11388 J3KTB7 J3QR57
41654,0.59653014,-5.1238356,6458_72_E8_2,0 2,"Nucleoplasm,Nucleoli",TOP2A,ENSG00000131747,A-431,P11388 J3KTB7 J3QR57
42347,-1.9832075,-5.8119245,18472_152_F6_1,0 3,"Nucleoplasm,N. fibrillar c.",NOP58,ENSG00000055044,U-251 MG,Q9Y2X3 F8WED0 H7BZ72
42349,-0.61553985,-4.8833466,69513_1354_B10_5,0 2,"Nucleoplasm,Nucleoli",FAM133A,ENSG00000179083,U-2 OS,Q8N9E0
42350,-1.3142965,-4.008105,69513_1354_B10_6,0 2,"Nucleoplasm,Nucleoli",FAM133A,ENSG00000179083,U-2 OS,Q8N9E0
42351,-0.47749737,-5.2842073,69513_1362_B10_1,0 2,"Nucleoplasm,Nucleoli",FAM133A,ENSG00000179083,MCF7,Q8N9E0
42352,-0.58570194,-5.144075,69513_1362_B10_2,0 2,"Nucleoplasm,Nucleoli",FAM133A,ENSG00000179083,MCF7,Q8N9E0
42409,-2.1049712,-6.2445774,18472_152_F6_2,0 3,"Nucleoplasm,N. fibrillar c.",NOP58,ENSG00000055044,U-251 MG,Q9Y2X3 F8WED0 H7BZ72
42410,-1.7144328,-5.7365723,18472_154_F6_1,0 3,"Nucleoplasm,N. fibrillar c.",NOP58,ENSG00000055044,U-2 OS,Q9Y2X3 F8WED0 H7BZ72
42411,-1.7024871,-5.757523,18472_154_F6_2,0 3,"Nucleoplasm,N. fibrillar c.",NOP58,ENSG00000055044,U-2 OS,Q9Y2X3 F8WED0 H7BZ72
42455,-0.9076555,-5.3492417,18472_198_F6_1,0 3,"Nucleoplasm,N. fibrillar c.",NOP58,ENSG00000055044,A-431,Q9Y2X3 F8WED0 H7BZ72
42474,-2.0172954,-5.9317937,18472_198_F6_2,0 3,"Nucleoplasm,N. fibrillar c.",NOP58,ENSG00000055044,A-431,Q9Y2X3 F8WED0 H7BZ72
42498,-0.53600883,-5.363547,74391_1436_C3_3,0 2,"Nucleoplasm,Nucleoli",INTS3,ENSG00000143624,U-2 OS,Q68E01 A0A096LNW8 A0A096LPB9 H0Y8Z1
42778,-0.958717,-5.479184,38186_423_H6_3,0 2,"Nucleoplasm,Nucleoli",PTMS,ENSG00000159335,A-431,P20962 F5GXR3
42788,-0.8547799,-5.127552,38186_426_H6_2,0 2,"Nucleoplasm,Nucleoli",PTMS,ENSG00000159335,U-251 MG,P20962 F5GXR3
42789,-1.0980269,-4.9113073,38186_426_H6_1,0 2,"Nucleoplasm,Nucleoli",PTMS,ENSG00000159335,U-251 MG,P20962 F5GXR3
42790,-0.14510754,-5.9575944,38186_423_H6_2,0 2,"Nucleoplasm,Nucleoli",PTMS,ENSG00000159335,A-431,P20962 F5GXR3
42792,-1.2488706,-5.1073885,38186_422_H6_3,0 2,"Nucleoplasm,Nucleoli",PTMS,ENSG00000159335,U-2 OS,P20962 F5GXR3
42793,-1.2848821,-5.0839887,38186_422_H6_2,0 2,"Nucleoplasm,Nucleoli",PTMS,ENSG00000159335,U-2 OS,P20962 F5GXR3
43055,-0.21714905,-5.6195097,35881_398_F9_3,0 2,"Nucleoplasm,Nucleoli",LYAR,ENSG00000145220,U-251 MG,Q9NX58 D6RDJ1
43064,-0.45126086,-5.607526,35881_381_F9_1,0 2,"Nucleoplasm,Nucleoli",LYAR,ENSG00000145220,U-2 OS,Q9NX58 D6RDJ1
43065,-0.565468,-5.46929,35881_381_F9_2,0 2,"Nucleoplasm,Nucleoli",LYAR,ENSG00000145220,U-2 OS,Q9NX58 D6RDJ1
43066,-0.46161067,-5.437686,35881_398_F9_2,0 2,"Nucleoplasm,Nucleoli",LYAR,ENSG00000145220,U-251 MG,Q9NX58 D6RDJ1
43070,-0.38655186,-5.7945266,35881_900_G5_1,0 2,"Nucleoplasm,Nucleoli",LYAR,ENSG00000145220,A-431,Q9NX58 D6RDJ1
43071,-0.21468219,-5.8968663,35881_900_G5_2,0 2,"Nucleoplasm,Nucleoli",LYAR,ENSG00000145220,A-431,Q9NX58 D6RDJ1
43696,0.13412748,-5.6860414,36593_595_E5_8,0 2,"Nucleoplasm,Nucleoli",DDX21,ENSG00000165732,U-251 MG,Q9NR30
43697,0.16768241,-5.5938573,36593_595_E5_7,0 2,"Nucleoplasm,Nucleoli",DDX21,ENSG00000165732,U-251 MG,Q9NR30
43698,-0.2733359,-6.006028,36592_441_D9_3,0 2,"Nucleoplasm,Nucleoli",DDX21,ENSG00000165732,A-431,Q9NR30
43699,-0.27546915,-5.955843,36592_441_D9_2,0 2,"Nucleoplasm,Nucleoli",DDX21,ENSG00000165732,A-431,Q9NR30
43700,-0.8271212,-5.9501605,36592_432_D9_2,0 2,"Nucleoplasm,Nucleoli",DDX21,ENSG00000165732,U-2 OS,Q9NR30
43701,-0.31114075,-6.0261354,36592_432_D9_1,0 2,"Nucleoplasm,Nucleoli",DDX21,ENSG00000165732,U-2 OS,Q9NR30
43702,-0.23407549,-5.868051,36592_430_D9_2,0 2,"Nucleoplasm,Nucleoli",DDX21,ENSG00000165732,U-251 MG,Q9NR30
43703,-0.23965372,-5.878722,36592_430_D9_1,0 2,"Nucleoplasm,Nucleoli",DDX21,ENSG00000165732,U-251 MG,Q9NR30
43783,-1.2726796,-4.2196903,49042_896_C10_4,0 2,"Nucleoplasm,Nucleoli",RBBP5,ENSG00000117222,PC-3,Q15291
43784,-0.48820516,-5.1451263,49042_896_C10_1,0 2,"Nucleoplasm,Nucleoli",RBBP5,ENSG00000117222,PC-3,Q15291
43786,-0.7973488,-4.692626,49042_748_C10_2,0 2,"Nucleoplasm,Nucleoli",RBBP5,ENSG00000117222,A-431,Q15291
43789,-0.4240024,-5.437771,49042_748_C10_1,0 2,"Nucleoplasm,Nucleoli",RBBP5,ENSG00000117222,A-431,Q15291
43793,-0.59308034,-5.0234857,49042_728_C10_2,0 2,"Nucleoplasm,Nucleoli",RBBP5,ENSG00000117222,U-2 OS,Q15291
43799,-1.3639313,-3.6409698,49042_728_C10_1,0 2,"Nucleoplasm,Nucleoli",RBBP5,ENSG00000117222,U-2 OS,Q15291
44407,-2.0216396,-6.230672,41734_571_A9_2,0 3,"Nucleoplasm,N. fibrillar c.",CD3EAP,ENSG00000117877,A-431,O15446 K7EMH2 K7EQC8
44408,-1.994974,-6.15062,41734_571_A9_1,0 3,"Nucleoplasm,N. fibrillar c.",CD3EAP,ENSG00000117877,A-431,O15446 K7EMH2 K7EQC8
44409,-2.1851442,-6.1028166,41734_544_A9_2,0 3,"Nucleoplasm,N. fibrillar c.",CD3EAP,ENSG00000117877,U-251 MG,O15446 K7EMH2 K7EQC8
44422,-1.9306453,-5.847151,41734_544_A9_1,0 3,"Nucleoplasm,N. fibrillar c.",CD3EAP,ENSG00000117877,U-251 MG,O15446 K7EMH2 K7EQC8
44433,-0.6666814,-4.8939667,53075_965_H5_2,0 2,"Nucleoplasm,Nucleoli",CHD7,ENSG00000171316,MCF7,Q9P2D1 E9PP20 H0YD01 H0YDC1
44434,-0.64248675,-4.876649,53075_965_H5_1,0 2,"Nucleoplasm,Nucleoli",CHD7,ENSG00000171316,MCF7,Q9P2D1 E9PP20 H0YD01 H0YDC1
44714,4.63421,2.7670112,41332_1027_H8_2,2 6,"Nucleoli,ER",EIF2S2,ENSG00000125977,CACO-2,P20042
44715,4.6082835,2.7618728,41332_1027_H8_3,2 6,"Nucleoli,ER",EIF2S2,ENSG00000125977,CACO-2,P20042
44716,1.0187193,-4.227562,41332_830_C3_1,2 6,"Nucleoli,ER",EIF2S2,ENSG00000125977,U-2 OS,P20042
44717,1.1099852,-4.306424,41332_830_C3_2,2 6,"Nucleoli,ER",EIF2S2,ENSG00000125977,U-2 OS,P20042
44718,2.6933813,2.0597346,41332_852_C3_3,2 6,"Nucleoli,ER",EIF2S2,ENSG00000125977,PC-3,P20042
44719,3.6222856,2.2991283,41332_852_C3_4,2 6,"Nucleoli,ER",EIF2S2,ENSG00000125977,PC-3,P20042
45925,-0.56917554,-5.4834743,42820_532_C10_2,0 2,"Nucleoplasm,Nucleoli",CMSS1,ENSG00000184220,U-2 OS,Q9BQ75 C9IY68 C9J384 F8WC72 H7C515
45926,-0.53301275,-5.526679,42820_532_C10_1,0 2,"Nucleoplasm,Nucleoli",CMSS1,ENSG00000184220,U-2 OS,Q9BQ75 C9IY68 C9J384 F8WC72 H7C515
45945,5.824888,-2.7326887,42820_547_C10_1,0 2,"Nucleoplasm,Nucleoli",CMSS1,ENSG00000184220,A-431,Q9BQ75 C9IY68 C9J384 F8WC72 H7C515
45946,5.852307,-2.7891858,42820_547_C10_2,0 2,"Nucleoplasm,Nucleoli",CMSS1,ENSG00000184220,A-431,Q9BQ75 C9IY68 C9J384 F8WC72 H7C515
48856,1.9396639,2.0660958,11938_90_D11_2,25,Cytosol,EFCAB14,ENSG00000159658,U-2 OS,O75071 A0A5F9ZHQ6 A0A6I8PIF8 A0A6I8PIP2 A0A6I8PS42 A0A6I8PU78 S4R3Q1
48857,2.4811275,1.6194732,11938_90_D11_1,25,Cytosol,EFCAB14,ENSG00000159658,U-2 OS,O75071 A0A5F9ZHQ6 A0A6I8PIF8 A0A6I8PIP2 A0A6I8PS42 A0A6I8PU78 S4R3Q1
48858,2.573274,1.1454664,11938_88_D11_2,25,Cytosol,EFCAB14,ENSG00000159658,U-251 MG,O75071 A0A5F9ZHQ6 A0A6I8PIF8 A0A6I8PIP2 A0A6I8PS42 A0A6I8PU78 S4R3Q1
48859,2.0352278,1.4501455,11938_88_D11_1,25,Cytosol,EFCAB14,ENSG00000159658,U-251 MG,O75071 A0A5F9ZHQ6 A0A6I8PIF8 A0A6I8PIP2 A0A6I8PS42 A0A6I8PU78 S4R3Q1
68356,-2.4531448,-2.616247,2448_673_E10_1,0,Nucleoplasm,TOP2A,ENSG00000131747,A-431,P11388 J3KTB7 J3QR57
68368,-4.406313,-2.1945298,2448_667_E10_1,0,Nucleoplasm,TOP2A,ENSG00000131747,U-2 OS,P11388 J3KTB7 J3QR57
68398,-1.5245388,-4.0904417,2448_667_E10_2,0,Nucleoplasm,TOP2A,ENSG00000131747,U-2 OS,P11388 J3KTB7 J3QR57
68399,-2.458186,-3.0444622,2448_673_E10_2,0,Nucleoplasm,TOP2A,ENSG00000131747,A-431,P11388 J3KTB7 J3QR57
68415,-2.7624688,-2.4412265,2448_710_E10_1,0,Nucleoplasm,TOP2A,ENSG00000131747,U-251 MG,P11388 J3KTB7 J3QR57
68432,-2.1910744,-2.3104563,2448_710_E10_2,0,Nucleoplasm,TOP2A,ENSG00000131747,U-251 MG,P11388 J3KTB7 J3QR57
72927,-5.0914497,-1.7087698,4208_653_G5_2,0,Nucleoplasm,SMARCA4,ENSG00000127616,U-2 OS,P51532 A0A0A0MT49 A0A2R8Y440 A0A2R8Y4C5 A0A2R8Y4P4 A0A2R8Y4R6 A0A2R8Y523 A0A2R8Y526 A0A2R8Y583 A0A2R8Y5K3 A0A2R8Y6N0 A0A2R8Y6V2 A0A2R8Y7F3 A0A2R8Y7R0 A0A2R8Y7S2 A0A2R8Y7Y7 A0A2R8Y866 A0A2R8YCY3 A0A2R8YDA1 A0A2R8YF38 A0A2R8YF58 A0A2R8YF80 A0A2R8YFK5 A0A2R8YFV8 A0A2R8YG32 A0A2R8YGG3 A0A2R8YGP5 K7EP28 K7EQF0 Q9HBD4
72928,-4.958799,-1.4826713,4208_653_G5_3,0,Nucleoplasm,SMARCA4,ENSG00000127616,U-2 OS,P51532 A0A0A0MT49 A0A2R8Y440 A0A2R8Y4C5 A0A2R8Y4P4 A0A2R8Y4R6 A0A2R8Y523 A0A2R8Y526 A0A2R8Y583 A0A2R8Y5K3 A0A2R8Y6N0 A0A2R8Y6V2 A0A2R8Y7F3 A0A2R8Y7R0 A0A2R8Y7S2 A0A2R8Y7Y7 A0A2R8Y866 A0A2R8YCY3 A0A2R8YDA1 A0A2R8YF38 A0A2R8YF58 A0A2R8YF80 A0A2R8YFK5 A0A2R8YFV8 A0A2R8YG32 A0A2R8YGG3 A0A2R8YGP5 K7EP28 K7EQF0 Q9HBD4
72929,-4.6620765,-1.2474008,4208_658_G5_1,0,Nucleoplasm,SMARCA4,ENSG00000127616,U-251 MG,P51532 A0A0A0MT49 A0A2R8Y440 A0A2R8Y4C5 A0A2R8Y4P4 A0A2R8Y4R6 A0A2R8Y523 A0A2R8Y526 A0A2R8Y583 A0A2R8Y5K3 A0A2R8Y6N0 A0A2R8Y6V2 A0A2R8Y7F3 A0A2R8Y7R0 A0A2R8Y7S2 A0A2R8Y7Y7 A0A2R8Y866 A0A2R8YCY3 A0A2R8YDA1 A0A2R8YF38 A0A2R8YF58 A0A2R8YF80 A0A2R8YFK5 A0A2R8YFV8 A0A2R8YG32 A0A2R8YGG3 A0A2R8YGP5 K7EP28 K7EQF0 Q9HBD4
72930,-4.658775,-1.5308119,4208_658_G5_2,0,Nucleoplasm,SMARCA4,ENSG00000127616,U-251 MG,P51532 A0A0A0MT49 A0A2R8Y440 A0A2R8Y4C5 A0A2R8Y4P4 A0A2R8Y4R6 A0A2R8Y523 A0A2R8Y526 A0A2R8Y583 A0A2R8Y5K3 A0A2R8Y6N0 A0A2R8Y6V2 A0A2R8Y7F3 A0A2R8Y7R0 A0A2R8Y7S2 A0A2R8Y7Y7 A0A2R8Y866 A0A2R8YCY3 A0A2R8YDA1 A0A2R8YF38 A0A2R8YF58 A0A2R8YF80 A0A2R8YFK5 A0A2R8YFV8 A0A2R8YG32 A0A2R8YGG3 A0A2R8YGP5 K7EP28 K7EQF0 Q9HBD4
72931,-4.861612,-1.3114487,4208_659_G5_1,0,Nucleoplasm,SMARCA4,ENSG00000127616,A-431,P51532 A0A0A0MT49 A0A2R8Y440 A0A2R8Y4C5 A0A2R8Y4P4 A0A2R8Y4R6 A0A2R8Y523 A0A2R8Y526 A0A2R8Y583 A0A2R8Y5K3 A0A2R8Y6N0 A0A2R8Y6V2 A0A2R8Y7F3 A0A2R8Y7R0 A0A2R8Y7S2 A0A2R8Y7Y7 A0A2R8Y866 A0A2R8YCY3 A0A2R8YDA1 A0A2R8YF38 A0A2R8YF58 A0A2R8YF80 A0A2R8YFK5 A0A2R8YFV8 A0A2R8YG32 A0A2R8YGG3 A0A2R8YGP5 K7EP28 K7EQF0 Q9HBD4
72932,-4.7103343,-1.3487592,4208_659_G5_2,0,Nucleoplasm,SMARCA4,ENSG00000127616,A-431,P51532 A0A0A0MT49 A0A2R8Y440 A0A2R8Y4C5 A0A2R8Y4P4 A0A2R8Y4R6 A0A2R8Y523 A0A2R8Y526 A0A2R8Y583 A0A2R8Y5K3 A0A2R8Y6N0 A0A2R8Y6V2 A0A2R8Y7F3 A0A2R8Y7R0 A0A2R8Y7S2 A0A2R8Y7Y7 A0A2R8Y866 A0A2R8YCY3 A0A2R8YDA1 A0A2R8YF38 A0A2R8YF58 A0A2R8YF80 A0A2R8YFK5 A0A2R8YFV8 A0A2R8YG32 A0A2R8YGG3 A0A2R8YGP5 K7EP28 K7EQF0 Q9HBD4
83976,-0.7467723,-5.9522057,49918_736_G9_1,3,N. fibrillar c.,NOP56,ENSG00000101361,U-2 OS,O00567 A0A494C128 H0Y653 H0YDU4 Q5JXT2
83977,-0.837228,-5.9723535,49918_736_G9_2,3,N. fibrillar c.,NOP56,ENSG00000101361,U-2 OS,O00567 A0A494C128 H0Y653 H0YDU4 Q5JXT2
83978,-2.132062,-6.5584373,49918_805_G9_1,3,N. fibrillar c.,NOP56,ENSG00000101361,HEK 293,O00567 A0A494C128 H0Y653 H0YDU4 Q5JXT2
83979,-2.2010195,-6.671601,49918_805_G9_2,3,N. fibrillar c.,NOP56,ENSG00000101361,HEK 293,O00567 A0A494C128 H0Y653 H0YDU4 Q5JXT2
83980,-1.24947,-6.1379843,49918_979_C5_1,3,N. fibrillar c.,NOP56,ENSG00000101361,PC-3,O00567 A0A494C128 H0Y653 H0YDU4 Q5JXT2
83981,-2.1077638,-6.5452676,49918_979_C5_2,3,N. fibrillar c.,NOP56,ENSG00000101361,PC-3,O00567 A0A494C128 H0Y653 H0YDU4 Q5JXT2
85215,0.4617787,-5.2737155,20324_189_F11_1,2,Nucleoli,RRP1B,ENSG00000160208,U-251 MG,Q14684
85217,0.53667814,-5.252039,20324_189_F11_2,2,Nucleoli,RRP1B,ENSG00000160208,U-251 MG,Q14684
85218,-0.26499337,-5.778877,20324_190_F11_1,2,Nucleoli,RRP1B,ENSG00000160208,A-431,Q14684
85219,-0.12587108,-5.813609,20324_190_F11_2,2,Nucleoli,RRP1B,ENSG00000160208,A-431,Q14684
85220,0.38070536,-5.3608503,20324_191_F11_1,2,Nucleoli,RRP1B,ENSG00000160208,U-2 OS,Q14684
85221,0.39294147,-5.2672386,20324_191_F11_2,2,Nucleoli,RRP1B,ENSG00000160208,U-2 OS,Q14684
85239,0.024016485,-5.302897,17893_155_H5_1,2,Nucleoli,RRP1B,ENSG00000160208,U-251 MG,Q14684
85240,-0.118359216,-5.6182613,17893_155_H5_2,2,Nucleoli,RRP1B,ENSG00000160208,U-251 MG,Q14684
85241,-0.055000894,-5.7510614,17893_157_H5_1,2,Nucleoli,RRP1B,ENSG00000160208,U-2 OS,Q14684
85242,-0.056809533,-5.734208,17893_157_H5_2,2,Nucleoli,RRP1B,ENSG00000160208,U-2 OS,Q14684
85243,-0.06344105,-6.047474,17893_199_H5_1,2,Nucleoli,RRP1B,ENSG00000160208,A-431,Q14684
85244,-0.053123936,-6.040394,17893_199_H5_2,2,Nucleoli,RRP1B,ENSG00000160208,A-431,Q14684
85454,-0.22710852,-6.001307,36593_582_E5_3,2,Nucleoli,DDX21,ENSG00000165732,U-2 OS,Q9NR30
85455,-0.23923334,-5.9637427,36593_582_E5_4,2,Nucleoli,DDX21,ENSG00000165732,U-2 OS,Q9NR30
85456,1.2573692,-3.3205566,36593_592_E5_1,2,Nucleoli,DDX21,ENSG00000165732,A-431,Q9NR30
85457,1.2135321,-3.392752,36593_592_E5_2,2,Nucleoli,DDX21,ENSG00000165732,A-431,Q9NR30
86171,0.02893454,-5.6682906,66169_1211_B9_3,2,Nucleoli,KNOP1,ENSG00000103550,U-2 OS,Q1ED39 H3BMC9 H3BNU8 H3BPL4
86172,0.28318205,-5.492732,66169_1211_B9_4,2,Nucleoli,KNOP1,ENSG00000103550,U-2 OS,Q1ED39 H3BMC9 H3BNU8 H3BPL4
86173,0.026477009,-5.993395,66169_1217_B9_1,2,Nucleoli,KNOP1,ENSG00000103550,MCF7,Q1ED39 H3BMC9 H3BNU8 H3BPL4
86174,-0.09572484,-5.9169674,66169_1217_B9_2,2,Nucleoli,KNOP1,ENSG00000103550,MCF7,Q1ED39 H3BMC9 H3BNU8 H3BPL4
86175,0.12780243,-4.8849034,66175_1469_A12_4,2,Nucleoli,FAM133A,ENSG00000179083,HEK 293,Q8N9E0
86176,0.23469964,-4.745814,66175_1469_A12_8,2,Nucleoli,FAM133A,ENSG00000179083,HEK 293,Q8N9E0
86177,0.4306146,-5.3787174,66175_1503_G4_1,2,Nucleoli,FAM133A,ENSG00000179083,MCF7,Q8N9E0
86178,0.39046517,-5.412411,66175_1503_G4_2,2,Nucleoli,FAM133A,ENSG00000179083,MCF7,Q8N9E0
86362,0.070944935,-5.9597135,62853_1261_C12_1,2,Nucleoli,SREK1IP1,ENSG00000153006,CACO-2,Q8N9Q2
86363,0.12876438,-5.9301643,62853_1261_C12_5,2,Nucleoli,SREK1IP1,ENSG00000153006,CACO-2,Q8N9Q2
86419,-0.694821,-5.6702886,21062_177_F9_1,3,N. fibrillar c.,NOP58,ENSG00000055044,U-251 MG,Q9Y2X3 F8WED0 H7BZ72
86420,-0.17329752,-5.591777,21062_177_F9_2,3,N. fibrillar c.,NOP58,ENSG00000055044,U-251 MG,Q9Y2X3 F8WED0 H7BZ72
86421,-1.3394206,-5.891724,21062_247_F9_1,3,N. fibrillar c.,NOP58,ENSG00000055044,U-2 OS,Q9Y2X3 F8WED0 H7BZ72
86422,-1.7244976,-6.197386,21062_247_F9_2,3,N. fibrillar c.,NOP58,ENSG00000055044,U-2 OS,Q9Y2X3 F8WED0 H7BZ72
86608,0.031663705,-5.882077,46148_606_G1_1,2,Nucleoli,C12orf43,ENSG00000157895,U-2 OS,Q96C57 E7ENF1 F5H3K2 F5H7W8 F5H8B7 G5EA44 H0YGK4
86609,0.037389915,-5.5886574,46148_606_G1_2,2,Nucleoli,C12orf43,ENSG00000157895,U-2 OS,Q96C57 E7ENF1 F5H3K2 F5H7W8 F5H8B7 G5EA44 H0YGK4
86610,0.10322252,-5.2807946,46148_608_G1_1,2,Nucleoli,C12orf43,ENSG00000157895,A-431,Q96C57 E7ENF1 F5H3K2 F5H7W8 F5H8B7 G5EA44 H0YGK4
86611,-0.048124965,-5.0225215,46148_608_G1_2,2,Nucleoli,C12orf43,ENSG00000157895,A-431,Q96C57 E7ENF1 F5H3K2 F5H7W8 F5H8B7 G5EA44 H0YGK4
86634,-0.5320292,-5.441423,46148_605_G1_2,2,Nucleoli,C12orf43,ENSG00000157895,U-251 MG,Q96C57 E7ENF1 F5H3K2 F5H7W8 F5H8B7 G5EA44 H0YGK4
86635,-0.68888646,-5.3432446,46148_605_G1_1,2,Nucleoli,C12orf43,ENSG00000157895,U-251 MG,Q96C57 E7ENF1 F5H3K2 F5H7W8 F5H8B7 G5EA44 H0YGK4
86725,1.0601275,-4.5789056,41838_502_C4_2,2,Nucleoli,EXOSC9,ENSG00000123737,U-251 MG,Q06265 D6R905 D6RA17 D6RAP4 D6RIY6 H0Y9L5
86726,0.84937185,-4.616412,41838_557_C4_1,2,Nucleoli,EXOSC9,ENSG00000123737,A-431,Q06265 D6R905 D6RA17 D6RAP4 D6RIY6 H0Y9L5
86727,1.0953592,-4.444382,41838_557_C4_2,2,Nucleoli,EXOSC9,ENSG00000123737,A-431,Q06265 D6R905 D6RA17 D6RAP4 D6RIY6 H0Y9L5
86751,0.6434671,-4.8729944,41838_502_C4_1,2,Nucleoli,EXOSC9,ENSG00000123737,U-251 MG,Q06265 D6R905 D6RA17 D6RAP4 D6RIY6 H0Y9L5
86763,-0.25635538,-6.1048794,41056_793_C4_1,2,Nucleoli,DDX18,ENSG00000088205,U-251 MG,Q9NVP1 H7C452
86764,-0.24179766,-5.950273,41056_793_C4_2,2,Nucleoli,DDX18,ENSG00000088205,U-251 MG,Q9NVP1 H7C452
86765,-0.022425352,-6.118837,41056_800_C4_1,2,Nucleoli,DDX18,ENSG00000088205,A-431,Q9NVP1 H7C452
86766,-0.07335486,-6.0161567,41056_800_C4_2,2,Nucleoli,DDX18,ENSG00000088205,A-431,Q9NVP1 H7C452
86767,-0.04282665,-6.0943356,41056_845_C4_1,2,Nucleoli,DDX18,ENSG00000088205,U-2 OS,Q9NVP1 H7C452
86768,-0.040884618,-6.0752044,41056_845_C4_2,2,Nucleoli,DDX18,ENSG00000088205,U-2 OS,Q9NVP1 H7C452
86796,0.13765134,-4.375904,44418_713_H1_1,2,Nucleoli,UTP23,ENSG00000147679,U-2 OS,Q9BRU9 E5RG01 E5RGP0 E5RH13 E5RIC4 E5RIM0 G3XAM4
86797,5.648234,-2.5285432,44418_713_H1_3,2,Nucleoli,UTP23,ENSG00000147679,U-2 OS,Q9BRU9 E5RG01 E5RGP0 E5RH13 E5RIC4 E5RIM0 G3XAM4
86798,-0.09686696,-4.6185884,44418_714_H1_1,2,Nucleoli,UTP23,ENSG00000147679,MCF7,Q9BRU9 E5RG01 E5RGP0 E5RH13 E5RIC4 E5RIM0 G3XAM4
86799,-0.2547211,-5.122902,44418_714_H1_2,2,Nucleoli,UTP23,ENSG00000147679,MCF7,Q9BRU9 E5RG01 E5RGP0 E5RH13 E5RIC4 E5RIM0 G3XAM4
86800,0.25186074,-4.317655,44418_747_H1_3,2,Nucleoli,UTP23,ENSG00000147679,A-431,Q9BRU9 E5RG01 E5RGP0 E5RH13 E5RIC4 E5RIM0 G3XAM4
86801,-0.24732453,-4.2483706,44418_747_H1_4,2,Nucleoli,UTP23,ENSG00000147679,A-431,Q9BRU9 E5RG01 E5RGP0 E5RH13 E5RIC4 E5RIM0 G3XAM4
86966,0.50789666,-4.710554,49945_722_H8_1,2,Nucleoli,RRP12,ENSG00000052749,MCF7,Q5JTH9 A0A087WYW2 A0A087X0G0 A0A087X1U8 H7C1M8
86967,0.32650033,-4.5583315,49945_722_H8_2,2,Nucleoli,RRP12,ENSG00000052749,MCF7,Q5JTH9 A0A087WYW2 A0A087X0G0 A0A087X1U8 H7C1M8
86968,0.3473366,-4.9269314,49945_726_H8_1,2,Nucleoli,RRP12,ENSG00000052749,U-2 OS,Q5JTH9 A0A087WYW2 A0A087X0G0 A0A087X1U8 H7C1M8
86969,0.34555152,-3.509847,49945_726_H8_2,2,Nucleoli,RRP12,ENSG00000052749,U-2 OS,Q5JTH9 A0A087WYW2 A0A087X0G0 A0A087X1U8 H7C1M8
90724,1.3238064,1.7978346,41262_737_G7_1,6,ER,EIF2S2,ENSG00000125977,U-2 OS,P20042
90725,0.5893353,1.4883809,41262_737_G7_2,6,ER,EIF2S2,ENSG00000125977,U-2 OS,P20042
90726,5.5362587,-0.8937233,41262_763_G7_1,6,ER,EIF2S2,ENSG00000125977,Hep G2,P20042
90727,3.200236,0.7830239,41262_763_G7_2,6,ER,EIF2S2,ENSG00000125977,Hep G2,P20042
91844,-1.2140424,-2.1697488,63843_1202_A3_2,0,Nucleoplasm,NUCKS1,ENSG00000069275,SH-SY5Y,Q9H1E3
91846,-1.3183187,-2.201717,63843_1202_A3_1,0,Nucleoplasm,NUCKS1,ENSG00000069275,SH-SY5Y,Q9H1E3
91868,-1.2610731,-2.6904774,63843_1152_F9_1,0,Nucleoplasm,NUCKS1,ENSG00000069275,RH-30,Q9H1E3
91869,-1.1517532,-2.6758256,63843_1152_F9_2,0,Nucleoplasm,NUCKS1,ENSG00000069275,RH-30,Q9H1E3
91870,-2.203493,-0.87441236,63843_1156_F9_2,0,Nucleoplasm,NUCKS1,ENSG00000069275,U-2 OS,Q9H1E3
91871,-2.6281915,-2.2008228,63843_1156_F9_3,0,Nucleoplasm,NUCKS1,ENSG00000069275,U-2 OS,Q9H1E3
92006,-1.3183432,-2.9612458,6458_71_E8_1,0,Nucleoplasm,TOP2A,ENSG00000131747,U-251 MG,P11388 J3KTB7 J3QR57
92023,-1.4692961,-3.8779554,6458_73_E8_1,0,Nucleoplasm,TOP2A,ENSG00000131747,U-2 OS,P11388 J3KTB7 J3QR57
92024,-1.4530588,-3.8900454,6458_73_E8_2,0,Nucleoplasm,TOP2A,ENSG00000131747,U-2 OS,P11388 J3KTB7 J3QR57
92106,-1.3565929,-2.9881911,6458_71_E8_2,0,Nucleoplasm,TOP2A,ENSG00000131747,U-251 MG,P11388 J3KTB7 J3QR57
92488,-2.1103113,-3.1882515,62351_1106_E7_5,0,Nucleoplasm,NUCKS1,ENSG00000069275,U-2 OS,Q9H1E3
92489,-2.6175783,-2.8097396,62351_1106_E7_3,0,Nucleoplasm,NUCKS1,ENSG00000069275,U-2 OS,Q9H1E3
93010,-0.99122244,-4.541092,53075_1309_D5_4,0,Nucleoplasm,CHD7,ENSG00000171316,Hep G2,Q9P2D1 E9PP20 H0YD01 H0YDC1
93011,-1.1975149,-4.396765,53075_1309_D5_5,0,Nucleoplasm,CHD7,ENSG00000171316,Hep G2,Q9P2D1 E9PP20 H0YD01 H0YDC1
93012,-1.5852094,-3.5485318,53075_833_H5_1,0,Nucleoplasm,CHD7,ENSG00000171316,U-2 OS,Q9P2D1 E9PP20 H0YD01 H0YDC1
93013,-1.3000581,-4.026095,53075_833_H5_2,0,Nucleoplasm,CHD7,ENSG00000171316,U-2 OS,Q9P2D1 E9PP20 H0YD01 H0YDC1